subject_id,Bacteroides_plebeius,Bacteroides_dorei,Faecalibacterium_prausnitzii,Eubacterium_eligens,Bacteroides_ovatus,Parabacteroides_distasonis,Ruminococcus_gnavus,Phascolarctobacterium_faecium,Bacteroides_uniformis,Bifidobacterium_longum,Agathobaculum_butyriciproducens,Collinsella_aerofaciens,Clostridium_sp_CAG_58,Escherichia_coli,Blautia_wexlerae,Fusicatenibacter_saccharivorans,Clostridium_bolteae,Flavonifractor_plautii,Eggerthella_lenta,Eubacterium_ramulus,Clostridium_bolteae_CAG_59,Streptococcus_salivarius,Coprococcus_catus,Erysipelatoclostridium_ramosum,Streptococcus_parasanguinis,Haemophilus_parainfluenzae,Holdemania_filiformis,Turicibacter_sanguinis,Blautia_sp_CAG_257,Bacteroides_salyersiae,Clostridium_symbiosum,Ruthenibacterium_lactatiformans,Sellimonas_intestinalis,Alistipes_finegoldii,Tyzzerella_nexilis,Bacteroides_intestinalis,Hungatella_hathewayi,Bilophila_wadsworthia,Clostridium_innocuum,Butyricimonas_synergistica,Parabacteroides_goldsteinii,Lawsonibacter_asaccharolyticus,Clostridium_leptum,Blautia_hydrogenotrophica,Anaerotignum_lactatifermentans,Anaerotruncus_colihominis,Clostridium_citroniae,Firmicutes_bacterium_CAG_145,Gordonibacter_pamelaeae,Intestinibacter_bartlettii,Eisenbergiella_tayi,Veillonella_sp_T11011_6,Prevotella_copri,Veillonella_dispar,Veillonella_parvula,Bacteroides_eggerthii,Clostridium_asparagiforme,Alistipes_indistinctus,Rothia_mucilaginosa,Intestinimonas_butyriciproducens,Gemmiger_formicilis,Veillonella_atypica,Blautia_producta,Clostridium_lavalense,Streptococcus_mitis,Butyricimonas_virosa,Clostridium_aldenense,Eisenbergiella_massiliensis,Alistipes_shahii,Clostridium_spiroforme,Streptococcus_sanguinis,Streptococcus_infantis,Actinomyces_sp_ICM47,Veillonella_infantium,Streptococcus_gordonii,Bacteroides_vulgatus,Actinomyces_sp_oral_taxon_181,Prevotella_stercorea,Lachnospira_pectinoschiza,Eubacterium_rectale,Roseburia_intestinalis,Ruminococcus_bromii,Roseburia_inulinivorans,Bacteroides_stercoris,Anaerostipes_hadrus,Bacteroides_galacturonicus,Ruminococcus_torques,Roseburia_faecis,Phascolarctobacterium_succinatutens,Megamonas_funiformis,Bifidobacterium_adolescentis,Alistipes_putredinis,Roseburia_sp_CAG_303,Parabacteroides_merdae,Ruminococcus_bicirculans,Eubacterium_ventriosum,Lactobacillus_rogosae,Bifidobacterium_bifidum,Eubacterium_sp_CAG_38,Dorea_longicatena,Eubacterium_sp_CAG_274,Coprococcus_comes,Bacteroides_caccae,Bacteroides_thetaiotaomicron,Oscillibacter_sp_57_20,Bacteroides_sp_CAG_144,Odoribacter_splanchnicus,Slackia_isoflavoniconvertens,Eubacterium_siraeum,Barnesiella_intestinihominis,Bacteroides_massiliensis,Bifidobacterium_pseudocatenulatum,Eubacterium_hallii,Megamonas_hypermegale,Bacteroides_xylanisolvens,Roseburia_hominis,Alistipes_inops,Dorea_formicigenerans,Blautia_obeum,Oscillibacter_sp_CAG_241,Firmicutes_bacterium_CAG_110,Asaccharobacter_celatus,Firmicutes_bacterium_CAG_83,Adlercreutzia_equolifaciens,Bacteroides_cellulosilyticus,Coprobacter_fastidiosus,Streptococcus_australis,Akkermansia_muciniphila,Streptococcus_thermophilus,Roseburia_sp_CAG_471,Alistipes_onderdonkii,Coprobacter_secundus,Faecalitalea_cylindroides,Methanobrevibacter_smithii,Parasutterella_excrementihominis,Allisonella_histaminiformans,Firmicutes_bacterium_CAG_170,Clostridium_disporicum,Clostridium_sp_CAG_299,Mogibacterium_diversum,Streptococcus_oralis,Eubacterium_sulci,Gemella_sanguinis,Actinomyces_odontolyticus,Gemella_haemolysans,Monoglobus_pectinilyticus,Megasphaera_micronuciformis,Klebsiella_quasipneumoniae,Actinomyces_sp_HMSC035G02,Clostridium_clostridioforme,Actinomyces_sp_S6_Spd3,Solobacterium_moorei,Blautia_coccoides,Klebsiella_variicola,Parvimonas_micra,Holdemanella_biformis,Bacteroides_fragilis,Clostridium_sp_CAG_242,Coprococcus_eutactus,Paraprevotella_xylaniphila,Streptococcus_vestibularis,Fusobacterium_mortiferum,Anaeromassilibacillus_sp_An250,Dorea_sp_CAG_317,Eubacterium_sp_CAG_180,Streptococcus_mutans,Bifidobacterium_dentium,Olsenella_scatoligenes,Firmicutes_bacterium_CAG_94,Lachnoclostridium_sp_An138,Collinsella_intestinalis,Prevotella_sp_CAG_279,Bacteroides_finegoldii,Ruminococcaceae_bacterium_D5,Haemophilus_sp_HMSC71H05,Desulfovibrionaceae_bacterium,Pseudoflavonifractor_sp_An184,Desulfovibrio_piger,Clostridium_saccharolyticum,Paraprevotella_clara,Bacteroides_nordii,Dielma_fastidiosa,Streptococcus_anginosus_group,Firmicutes_bacterium_CAG_238,Fusobacterium_nucleatum,Gemella_morbillorum,Catabacter_hongkongensis,Firmicutes_bacterium_CAG_95,Enterorhabdus_caecimuris,Harryflintia_acetispora,Megasphaera_elsdenii,Streptococcus_sp_A12,Lactococcus_lactis,Peptostreptococcus_stomatis,Bacteroides_faecis,Ruminococcaceae_bacterium_D16,Klebsiella_pneumoniae,Bacteroides_coprocola,Dialister_pneumosintes,Phascolarctobacterium_sp_CAG_266,Clostridium_scindens,Ruminococcus_lactaris,Turicimonas_muris,Proteobacteria_bacterium_CAG_139,Eubacterium_sp_CAG_251,Parabacteroides_johnsonii,Dialister_invisus,Ruminococcus_callidus,Cloacibacillus_porcorum,Victivallis_vadensis,Bacteroides_clarus,Enorma_massiliensis,Romboutsia_ilealis,Acidaminococcus_intestini,Enterococcus_faecalis,Coprobacillus_cateniformis,Butyrivibrio_crossotus,Catenibacterium_mitsuokai,Christensenella_minuta,Clostridium_sp_CAG_167,Roseburia_sp_CAG_309,CRC
CCIS02856720ST-4-0,0.0,0.0,0.0366835548131219,0.0007754209949835,0.0022655456805189,0.0159691512080943,0.013668095407191,0.0,0.048699979494156,0.0016106590378257,0.0030132587787519,0.0,0.0024645023831792,0.0371787959568479,0.0017521993768223,0.0285604397253218,0.0003184907698694,0.0024004841379793,0.0005415543429877,0.0026472544675232,0.0,0.0010654036400374,0.0029639447242464,0.0014186043022261,0.0012990702350169,0.000428021986266,0.0004443266330904,0.0,0.0012989702065088,0.0,7.011998419549611e-05,0.0009069584831677,0.0,0.0013664894494931,0.0,0.0001315374881841,0.0,0.0010048863926218,0.0005575589042877,0.0,0.0006814942258543,0.0004756355561334,0.0001388395692772,5.631605007427147e-05,0.0,8.582445997109224e-05,0.0003199911974912,0.001284666129847,9.462696868607604e-05,0.0017436969536317,0.0001736494901046,0.0,0.0,0.0,0.0,0.0371629914525641,0.0,0.0002908829016269,0.0,9.312654106420382e-05,0.0009515711977913,0.0,0.0,0.000238067849337,0.0,0.0003023861800613,0.0,0.0002076591828671,0.0006506854453519,0.0,0.000533752119354,0.0,0.0,0.0,0.0020779922277849,0.0761737095072099,0.0,0.0,0.0005470559109346,0.1141366289392482,0.0406811941403301,0.2012508564941019,0.0208894534942459,0.0,0.0092856464092266,4.7613569867412475e-05,0.0,0.0397757360847843,0.0026151453164151,0.0,0.0,0.0099337311133673,0.0,0.0057704445767043,0.0,0.0060279179566176,0.001319976193215,0.0,0.0,0.015118608803509,0.0,0.0195212635601147,0.0077116978338826,0.0081782307957767,0.0001064303326448,0.0,0.0038899086239578,3.961128921742718e-05,9.92282800598176e-05,0.0171857979524164,0.0,3.551012038430972e-05,0.0074743301841024,0.0,0.0022751484172989,0.0007031003836093,0.0,0.0047040406515857,0.0143895010077872,4.041151728242571e-05,6.721915745987644e-05,0.0011000135038485,0.0053864351340131,0.0013513851447662,0.0,0.0,0.0,0.0043563415573438,0.017118978908989,0.0175176925423745,0.0,0.0,0.0007223058571692,0.0,0.0023637736754975,0.0,9.902822304356798e-05,0.000540153943874,0.0,0.0,3.711057651430678e-05,0.0,0.0,0.0,0.0,0.0,0.0,0.0,0.0,0.0,0.0,0.0,0.0,0.0,0.0,0.0,0.0098312018925393,0.0,0.0002866817042857,0.0080178850972527,0.0,0.0,0.0,0.0001589452994103,0.0,0.0099882466502953,0.0002317660533251,0.0,0.0,0.0,0.0,0.0,0.0,4.101168833117462e-05,0.0,0.0,0.0,0.0016336655946944,0.0,0.0003129892019225,0.0,0.0001392396833097,0.0002848811911394,0.0,0.0,0.0,0.0,0.0,8.352380428422145e-05,0.0,0.0,0.0,0.0,0.0,0.0,0.0,0.0,0.0,0.0,0.0,0.0,0.0051353635786199,0.0002414688186133,0.0004140179951286,0.0,0.0,0.0,0.0,0.0,0.0,0.0,0.0048057696443486,0.0,0.0,0.0,0.0,0.0,0.0,0.0,0.0001569447292478,4.65132562780395e-05,0
CCIS38765456ST-20-0,0.0139315727534851,0.0031973214846363,0.0265228663166899,0.0265158559645029,0.0,0.0079241015207156,0.0,0.0,0.0082512846720752,0.0011053322441248,0.0002938339045268,0.0098597599074553,0.0017472802086841,0.0112965816621404,0.0015500890164505,0.0041300989170708,0.0,0.0,0.0,0.0089023460944777,0.0,0.0003242788625963,0.000580256865313,0.0,0.0006515621618443,0.0,6.058947247400281e-05,0.0007672329729311,0.0,0.0,0.0,0.000138804973304,0.0,0.0001774620582213,0.0,0.0,4.3564331448249955e-05,0.0001624398749633,0.0,0.0,1.652440158381895e-05,0.0004070010184038,4.276314834115571e-05,0.0,0.0014454344730864,0.0,0.0,0.0,0.000122480867497,0.0001335972831079,6.22919865765781e-05,0.0,0.0,0.0,0.0001153703674215,0.0154921772982163,0.0,0.0005115554138796,1.9528838235422395e-05,0.0001395060085227,0.00365710044022,0.0,0.0,0.0,4.025945113148617e-05,0.0016242986017451,0.0,0.0,0.0010019796233097,0.0,0.0,0.0,0.0,0.0,1.57232184767247e-05,0.0481985748354598,0.0,0.0,0.0104946975198275,0.0,0.0087259856630285,0.0375566599197036,0.0148667537352409,0.0003522201234563,0.0224096923927564,0.0011362779416364,0.033798710555878,0.0007118511906532,0.0049986815530493,0.0,0.000244961734994,0.0262983347509267,0.001825696005291,0.00242978806804,0.0,0.0,0.0003453099191576,0.0,0.0011284664063422,0.001655344447145,0.0,0.0192578380494477,0.0033099878590714,0.0033405329650294,0.0015506899037809,0.0160376828462591,0.0094516572622792,4.817113431404191e-05,0.0139587128312379,0.0080206440851204,0.0059789290845791,0.0,0.0023305415106487,0.0,0.002051229049938,0.0006488581688579,0.0024932818292772,0.0067037995007227,0.0100439318741986,0.0033181999859192,0.0094844056217816,0.0,0.0,0.0,0.0071286268432594,0.0,0.0,0.0001577329242091,0.0021096152688675,0.0,0.0,0.0001024512898196,0.0012522491963883,0.1069845841353935,0.0003540227854472,4.9973796305003976e-05,0.0,0.0024801624558986,0.0,0.0006001862951019,0.000214416629036,0.0002314417700618,0.0002113120444961,0.0,1.442129592769654e-05,0.0,0.0,0.0,0.0,0.0,0.0,0.0028462029879523,0.0,0.0,0.0006418478166708,0.0,0.0042052098333609,0.0003887741027174,0.0021495742763338,0.000476703948721,0.0,0.0,0.0006482572815276,0.0,0.0136081952218842,0.0,0.002269251002956,0.0002558778548282,0.0011385813430693,0.0004706950754178,0.0001398064521879,0.0,0.0,0.0,0.0,0.0001469169522634,0.0,0.0042376577491982,0.0,5.998858514368212e-05,0.0011329730613196,0.0,0.0012821934150159,0.0,0.0006062953162935,0.0067033989091691,0.0,0.0,0.0,0.0,0.0004824123783591,0.0,0.0,0.0035920043127686,0.0,0.0005002387024919,0.0,0.0,0.000504144470139,0.0,0.0,0.025184489936289,0.0,3.4250577828279276e-05,0.0101710195445614,0.0,0.0,0.0,0.0005264774492493,1.2318190271574126e-05,0.0,0.0087404069589562,6.88015993217189e-05,0.0005676382313762,0.0,0.0,0.1305051169061362,0.0009576141087543,0.0,0.0008643764246663,0.0009371839395234,1
CCIS44093303ST-4-0,0.0,0.0,1.4700035280084702e-05,0.0,0.0163736392967343,0.0562284349482439,0.0003002007204817,0.0101419243406184,0.000349000837602,0.0,0.0052064124953899,5.470013128031519e-05,0.0025588061411347,0.0030287072688974,0.0018047043312903,0.0,9.150021960052724e-05,0.0091030218472524,0.0085716205718893,0.0,0.0,0.0010902026164862,0.0,0.0155375372900894,0.0004208010099224,0.0,0.0005793013903233,0.0,0.0093016223238935,0.0,1.450003480008355e-05,8.630020712049728e-05,0.0,2.6500063600152695e-05,0.0,0.0,0.0001328003187207,0.0001485003564008,0.0010097024232858,0.0,0.0,0.0023380056112134,0.0004443010663225,7.910018984045579e-05,0.0,0.0,1.210002904006972e-05,0.0,0.0012730030552073,0.0,0.0029000069600167,0.0,0.0002059004941611,0.0,0.0,0.0,0.0079658191179658,0.0,0.0,0.0,0.0,0.0,0.0,0.0,9.980023952057506e-05,0.0100579241390179,0.0002186005246412,0.0,0.0026991064778555,0.0,0.0001239002973607,0.0001404003369608,0.0002116005078412,0.0,0.0,0.234991063978554,0.0,0.0,0.0,2.740006576015788e-05,0.0,0.001563403752169,0.0,0.0,0.116467579522191,0.0,0.0,1.660003984009565e-05,0.0,0.0,0.0,0.0209250502201205,0.0,1.8100043440104293e-05,0.0,0.0,0.0,0.0,0.0,0.0098460236304567,0.0,0.0,0.0,0.2269679447230677,0.0,0.0,0.008161519587647,1.6100038640092772e-05,0.0,0.0,0.0,0.0,0.0,0.0,0.1824809379542515,0.0,8.010019224046154e-05,0.0039812095549029,0.0028482068356964,0.0,0.0,0.0,0.0,0.0,0.0004205010092024,0.0060558145339548,0.0,0.0,0.0004379010509625,0.0,0.0,0.0,0.0,0.0,0.0,0.0,0.0,0.0,0.0,8.630020712049728e-05,8.640020736049784e-05,9.070021768052262e-05,5.55001332003198e-05,0.0,4.170010008024028e-05,0.0,0.0,0.0,0.0,0.0008223019735247,0.0,0.0,0.0009934023841657,0.0,0.0,0.0,2.4400058560140596e-05,0.0,0.0,0.0,0.0,0.0,0.0,0.0,0.0,0.0,5.470013128031519e-05,0.0,0.0,0.0,0.0,0.0,0.0,0.0,0.0,0.0,0.0,0.0,0.0,0.0,0.0,0.0013552032524878,1.8400044160106022e-05,0.0,0.0,0.0,6.940016656039989e-05,0.0,2.0000048000115243e-05,0.0,7.040016896040566e-05,0.0,0.0,0.0,0.0,0.0,0.0,0.0,0.0,0.0,0.0,0.0,0.0,0.0,0.0,0.0,0.0,0.0,0.0,0.0,0.0,0.0,0.0,0.0,0.0,0.0085444205066092,0.0,3.550008520020456e-05,0.0,0.0,0.0,0
CCIS55230578ST-4-0,0.0,0.0200575388387162,0.0695900732994775,0.0289192204738199,0.002300152603007,0.0055010131838991,7.044755209766637e-05,0.0003129112150701,0.0464888799939961,0.0011112500938133,0.0013309984239361,0.0263820078553024,0.003145022890451,0.0329708553273461,0.0040909613989442,0.0087261901783704,5.793910889850685e-05,0.0001225827433517,8.795937257648967e-05,0.0022060891101493,0.0,6.374302654291686e-05,0.0095206264228354,0.0,0.001897380731994,0.0001510019263002,0.0,0.0,0.0,0.0,5.52372851674884e-05,0.0028786430840817,0.0,0.0082335576514147,0.0,0.0,0.0003624446501388,0.0006168163510369,0.0,0.0002268531258599,0.0,0.0001639106396817,0.0018068196032321,0.0,0.0002998023665974,0.0,0.0,0.0002201486003052,5.583769044104805e-05,7.254897055512517e-05,0.0002573737272659,0.0,0.0271168038425938,0.0,0.0,0.0,0.0,0.0,0.0,3.772546468866508e-05,0.0038301853751282,0.0,0.0,0.0,0.001228929527431,0.0075470942886448,0.0,0.0,0.0008029419858404,0.0003456333024791,0.0,0.0004857278663097,0.0,0.0,0.0008735896730292,0.0221301378430441,0.0,0.0,0.0219408100467816,0.0278688114477273,0.0025033897881069,0.1202119430615672,0.0070662697320691,0.000689365321592,0.0153093338003152,2.8619318039676963e-05,0.0182153953918896,0.0053559152427888,0.0,0.0006991719410602,0.0004545067920846,0.0330983413804319,0.0,0.0095999799864908,0.0,0.0123769544442498,0.0010156855877717,0.0050418032171715,0.0014608860981162,0.0116434593350511,0.0,0.0150092312310809,0.0068877492307307,0.0110019263002526,0.0005391639356565,0.0,0.0077197108047932,0.0041561053711255,0.0011494758962299,0.0143636954944587,0.0,3.532384359442646e-05,0.0076821854751957,0.0026740049533435,0.0005337602881945,0.0007354964601105,0.0025484201836239,0.0050101818727641,0.0157535336352037,0.0023985190003252,0.0039050358992319,3.5123708503239905e-05,0.0014251619843394,1.450979411102503e-05,0.0036811847997398,0.0013305981537537,0.0,0.0001138768668851,0.0004877292172216,0.0002520701473494,0.0,0.001475696094864,0.0,0.0586152653040805,8.956045330598208e-05,0.0,0.0007570109824131,0.0,0.0002512696069847,2.671803467340472e-05,0.0029227728716883,0.0,7.675180747004276e-05,2.2515197758487117e-05,0.000139494158557,0.0,0.0,0.0,0.0,0.0,0.0,0.0,0.0,0.0,3.6224451504765945e-05,0.0,0.0125462687313936,0.0,0.0,0.0,0.0003315237785505,0.0,0.0002252520451304,0.00062492182223,0.0917105045905991,0.0,0.0002770870337477,0.0,0.0002362594751457,0.0,0.0001468991569309,0.0,0.0033733770294949,0.0001547044254872,0.0,0.0,0.0,0.0003341255347359,0.0,0.0,0.0003216170915367,1.4609861656618308e-05,0.0082841918294849,8.535761639106448e-05,0.0,0.0001354914567332,8.86598453956426e-05,0.0016546168663848,0.0,0.0,0.0,0.0,0.0022328071448227,0.0,0.0091472744102269,0.0,0.0,0.0,0.0,0.0,0.0,0.0022875440922622,0.0,0.0,0.0,0.0,0.0,0.0,0.0,0.0,0.0,0.0005578765666825,9.316288494734004e-05,0.0006322267530583,0.0068160008005403,0.0,0.0,0.0,0.0,0.0,0.0,1
CCIS63910149ST-4-0,0.0,0.0022047566336721,0.0464450061987216,0.0185830630685411,0.002092343548789,0.0016658939100511,0.0,0.0015186767739764,0.0639372422950033,0.0093587893630818,0.0005597651566642,0.009806441469787,0.0005509641322249,0.0,0.0017683058307987,0.0339279492132885,0.0,9.951158314827884e-05,0.0,0.002498790859256,0.0,0.0001791208496669,0.0028192281581576,0.0,0.0,6.750785791466153e-05,0.0001830213036797,0.0002238260533526,0.0,0.0,0.0,0.0003240377179903,0.0,0.0001371159602977,0.0,0.0,0.0,0.0,0.0,0.0,0.0,0.0010178184740703,5.140598365649781e-05,0.0,0.0,0.0,0.0,0.0001159134923305,0.0,0.001552080662189,0.0,0.0,2.130247960862653e-05,0.0,0.0,0.0,0.0,0.0,0.0,0.0,0.0028759347588059,0.0,0.0,0.0,0.0002510292198011,0.0010020166347362,0.0,0.0,0.0027059149685023,0.0031167627911888,0.0,0.0,0.0,0.0,0.0,0.0711638834760368,0.0,0.0,0.0065870667345679,0.0559832164463945,0.0034942067256628,0.1717718942484911,0.0005713665070614,0.0039510599033727,0.0050522880863332,0.0001929224561738,0.0360111917027142,0.0001615188007884,0.0,0.0,0.0,0.0110197827027065,0.0,0.0163028976572873,0.0009738133518741,0.0045812332555509,0.0016184883920488,0.0,0.0004525526771316,0.0187736852569639,0.0017447030834389,0.0088486299805297,0.0085942003649224,0.00069378075608,0.001246745121132,0.0,0.0031578675757858,0.0,0.008716614613941,0.010931172388466,0.0,0.0,0.0169195694378825,0.0,0.0009341087302562,0.0008126945976511,0.0,0.0071120278400405,0.020204651821472,0.0032819820227074,0.0051715019628284,0.0001978230266002,0.0010607234682116,0.0001495174038258,0.0056352559437918,0.0028393304980699,2.6203050035024185e-05,0.0068516975375933,0.0371855283955053,0.0030572558645826,0.0002957344234868,0.0001368159253737,0.0010861264251158,0.0,0.0,0.0,0.0,0.0,0.0,0.0,0.0,0.0,0.0001446168333994,0.0,0.0,0.0,0.0,0.0,0.0,0.0,0.0,0.0,0.0,0.0,2.900337599296569e-05,0.0,0.0,0.0,0.0822766770052037,0.0,0.0,0.0,0.0,0.0,0.0786376534228587,0.0,0.0,0.0,0.0,0.0,0.0,0.0,0.0,0.0,0.0,0.0,0.0,0.0,0.0,0.0,0.0,0.0,0.0,0.0004309501625989,0.0,0.0,0.0,0.0,0.0,0.0,0.0,3.630422581188464e-05,0.0027036147007511,0.0,0.0,0.0,0.0,0.0,0.0,0.0,0.0,0.0160099635597583,0.0,0.0002399279276107,0.0,0.0,0.0,0.0,0.0,0.0,0.0,0.0,0.0,0.0,0.0,0.0,0.0,0.0,0.0,0.0009107060061791,0.000489857019357,0
CCIS64773582ST-4-0,0.0,0.1273451124508959,0.0628563388400176,0.0145448098044488,0.0133794849830301,0.0129874766332522,0.0079771699137191,0.0,0.1434224548982901,0.0020108428309522,0.003169767516048,0.0,0.0012474265701859,0.0051099088410583,0.0041891892297305,0.0074627589567657,0.000496110567155,0.0010550224719786,0.0011686248917101,0.0083723783316584,1.3800293946261136e-05,0.0005629119900253,0.0,0.0009860210022473,0.0008975191171571,0.0005437115810566,0.0,0.0,0.0011986255307238,0.0,0.0,0.0006386136024697,0.0025541544034887,0.0023659503947434,0.0003620077107642,0.0,0.0006313134469764,0.0002699057489924,1.4100300336397247e-05,0.0,0.0,0.0001290027477585,6.240132914831123e-05,0.0001422030289245,0.0,0.0,8.280176367756682e-05,0.0004751101198455,0.0008912189829643,0.0025403541095425,0.0,0.0,2.7600587892522275e-05,0.0,0.0002452052228712,0.0,0.0001360028968617,0.0004075086799348,3.200068161451858e-05,0.0002166046136782,0.0021757463433971,0.00024250516536,0.0,0.0001276027179378,0.0,0.0,0.0,0.0001053022429377,0.0014339305427205,0.0031156663636935,7.27015485429844e-05,1.7400370627894477e-05,2.4500521861115783e-05,7.810166356543441e-05,0.0,0.0085732826109196,0.0,0.0,0.0485969351147181,0.0629446407208476,0.0015080321210841,0.0443480446133504,0.0082364754369268,0.0,0.0141409012011955,0.001869239814808,0.0,0.0332165075116101,0.0072556545454418,0.0,0.0,0.05497087087955,0.0140175985748496,0.0,0.0064506373985765,0.0001312027946195,0.0010100215134582,0.0,0.0047812018395991,0.008593983051839,0.000319706809755,0.0073681569417428,0.0121307583851536,0.0062121323184183,0.0012871274158139,0.0,0.0,0.0,0.0079053683843465,0.0,0.0,0.0,0.001309327888684,2.6800570852159313e-05,0.0018005383514668,0.0039985851698641,4.740100964150565e-05,0.0,0.0081702740268367,0.0017976382896955,0.0004744101049352,0.0013272282699621,0.0005638120091957,0.0012016255946251,0.0196572186987583,0.0,4.940105224241305e-05,0.0001353028819513,0.0008695185207444,1.8900402578575035e-05,0.0,0.0,0.0,0.0168664592555821,0.0,0.0,0.0006357135406984,0.0,0.0,3.0400647533792652e-05,0.0,2.0400434529255596e-05,3.4700739125743584e-05,1.470031311666947e-05,0.0,0.0,0.0,0.0,0.0,0.0,0.0,0.0,0.0,0.0,0.0,0.0,0.0107539290586889,0.0,0.0,0.0,7.440158475375569e-05,0.0,0.0002311049225348,0.0,0.0424171034843044,0.0,0.0,0.0,0.0002841060514588,0.0,0.0,0.0,0.0,3.170067522438246e-05,0.0,0.0010561224954091,0.0,0.0,0.0,0.0,0.0002215047180504,0.0,0.0,0.0,0.0,0.0,0.0,0.0001270027051576,0.0001453030949559,0.0,0.0,0.0,0.0,0.0,0.0,0.0,0.0,0.0,0.0,0.0,0.0,0.0007369156963043,0.0,0.0,0.0,0.0,0.0,0.0,0.0,0.0002810059854274,0.0,0.0,1.6500351457486142e-05,0.0,0.0002921062218625,0.0,0.0167325564034513,0.0,0.0,0.0,0.0011964254838628,0
CCIS78100604ST-4-0,0.0,0.0267314201235848,0.0394278087203969,0.0382918539864264,0.0084341310907177,0.0029924785163023,0.0002125973966828,0.0,0.0388853050056978,0.0297670386954288,5.645241606831967e-05,0.0086414235617771,0.0012975047331447,0.0015034959960323,0.0261766049777219,0.0324005839421904,9.588903296711035e-05,0.0027625650416411,0.0025571743363713,0.0053166364969874,0.0,0.0043863727470956,0.0,0.0,0.0002833631026408,0.0,0.0,0.0,0.0011013225780136,0.0,0.0002268105936361,0.0031381137386062,0.0083622643624605,0.0,0.0,0.0,0.0001148065979261,0.0,0.0002376206307556,0.0,0.0,0.0005609208149767,0.0002910702587352,0.0011620789903425,1.9217843767938612e-05,0.0005013655178833,0.0,0.0,0.0010553799202559,0.0015364265720721,0.0,0.0,0.0,0.0,5.515120789653216e-05,0.0,0.0,0.0006397940487742,0.0,2.8926858588199263e-05,0.0,0.0,0.0006849359630416,0.0002001858725826,0.0,0.0009095445120794,0.0,0.0,0.0024630869762574,0.0,3.463215595680604e-05,0.0,0.0,0.0,0.0,0.0560377310332645,0.0,0.0,0.0002939729538876,0.0,0.0184029871735906,0.2531400405276309,0.0071286189226696,0.0,0.0384544049149636,0.0,0.0382569215516608,0.0004121827116477,0.0,0.0,0.0,0.0111623642552109,0.0,0.0,0.0,0.038037117463565,2.9727602078530043e-05,0.0,0.0003090869872676,0.0,0.0,0.0379825668132862,0.0,0.0062903405812296,0.0,0.0,0.0062153709719474,0.0,0.0003832558530595,0.0017383140245718,0.0,0.0135641943544581,0.0051803099177586,0.0,0.0086099943797816,0.001966525919316,0.0,0.0118697210359819,0.0,4.043754626170417e-05,0.0,0.0,0.008528718915513,0.0,0.0,0.0,0.0,0.0,0.0010335596601444,1.0009293629134694e-05,0.0,0.0001667548318613,0.0,0.0,0.0089355967015373,0.0,0.0,0.0,0.000156345166487,2.4322583518797302e-05,0.0,0.0,0.0001813684005599,2.4823048200254036e-05,0.0,0.0,0.0,0.0,0.0,0.0001378279732731,0.0,0.0,1.2711802909001062e-05,0.0,0.0,0.0,0.007792835647899,0.0,0.0,0.0,0.0,0.0,0.0004034746261904,0.0024381638351209,0.0512614962993141,7.176663532089575e-05,0.0,0.0,0.0001148065979261,0.0,0.0003365124518115,0.0,0.0,0.0,0.0,0.0,0.0,0.0,0.0,0.0,0.0,1.741617091469437e-05,1.0709944183174123e-05,0.0,0.0,0.0,0.0002605419131663,0.0,2.8626579779325227e-05,0.0,0.0,0.0,0.0006233788072225,0.0,0.0,1.181096648237894e-05,0.0,0.0307639643408906,0.0,0.0,0.0,0.0243937495965004,8.818187687267664e-05,0.0005480088261951,0.0,0.0019868447853832,0.0031827551881922,0.0,0.0,0.0,0.0,0.0002117966531924,0.0,0.0,6.716236025149379e-05,0.0001701579916952,0.0,0.0,0.0001176092001423,0.0,0.0,0
CCIS85214191ST-3-0,0.0,0.1486875553937336,0.00015469995359,0.0,0.1423368572989431,0.1395182581445228,0.0,0.0132673960197811,0.1188599643420109,0.0,0.0,0.0,0.0,0.0279212916236125,0.0,0.0,0.00024589992623,0.0065057980482605,8.989997303000828e-05,0.0,0.0,0.0,0.0,0.0025764992270502,0.0,0.00028159991552,0.0,0.0,0.0,0.0214757935572619,0.0062801981159405,0.0040517987844603,0.0,0.0,0.0,0.0,0.0014551995634401,9.829997051000904e-05,0.0026041992187402,0.0004239998728,0.0,0.00052529984241,0.0,0.0,0.0,5.9999982000005535e-05,0.00040169987949,0.0,0.0,0.00019319994204,0.00033379989986,0.0,0.0,0.0,0.0212577936226619,0.0,0.0013403995978801,0.0011462996561101,0.0,0.0028040991587702,0.0,0.0,0.0,0.00018669994399,0.0,0.00034439989668,0.00043739986878,0.0,9.429997171000868e-05,0.0001709999487,0.0,7.019997894000647e-05,0.0,0.0,0.0,2.909999127000268e-05,0.0,0.0,0.0,0.0,0.012073796377861,0.0823874752837575,0.0,0.0,0.0,0.0,0.0,0.0,0.0,0.0,0.0,0.0,0.0,0.00091129972661,0.0,0.0,0.0,0.0,0.0,0.0,0.0,0.0,0.0032155990353202,0.0579352826194153,0.0,0.0,0.0,0.0,0.0,0.0,0.0,0.0,0.0,0.0,0.1042978687106396,0.0,0.0,0.0,0.0176994946901515,0.0,0.0,0.0,0.0,0.0,0.0480587855823644,0.0,0.0,0.0,5.3899983830004965e-05,0.0,0.0,0.0,0.0,0.0,0.0011747996475601,0.0,0.0,0.0,0.0,3.849998845000355e-05,0.0,0.0,0.0,0.0,0.0,0.0,0.0,0.0,0.0,0.0012425996272201,0.0,0.0,0.00034509989647,0.0,0.0,0.0,0.0,0.0,0.0,0.0,0.0,0.0,0.0,0.0,0.0,0.0,0.00021829993451,0.0,0.0,0.0,0.0,0.0,0.0,0.0,0.0,0.00046889985933,3.849998845000355e-05,0.0,0.0,0.0,7.399997780000682e-05,0.00090489972853,0.0,0.0,0.0,0.0,0.0,0.0,0.0,0.0,0.0,0.0,0.0,0.0,0.0,0.0,0.0,0.0,0.00046959985912,0.0,0.0,0.0,0.0,2.779999166000256e-05,0.0,0.0,0.0,0.0,0.0,0.0,0.0,0.0,0.0,0.0012707996187601,0.0,0.0,0.0,0.0,0.00014269995719,0.0,0.0,1
CCIS91228662ST-4-0,0.0098756066186195,0.0130931716797071,0.0824573300610325,0.0303811585534338,0.0009038463673186,0.025836225398363,0.0,0.0,0.0727050297680273,0.0,0.0027132391891704,0.0023703215974979,0.0023948228544124,0.0024764270407071,9.720498661581388e-05,0.0020691061451452,0.0003212164784053,0.0014631750608806,0.0,0.0017474896462188,7.580388873949272e-05,0.0113860841061146,0.0008244422938896,0.0,0.0059882071950291,0.0002065105939934,0.0006121314023409,0.0,0.0,0.0097839019141681,0.0003411174993277,0.0021199087513189,0.0,0.0160743246128526,0.0,0.0,0.0008282424888396,0.0002607133745961,0.0,0.0028632468845651,0.0,0.0019174983676662,9.790502252765616e-05,0.0,0.000161908305896,0.0003069157447777,0.0004484230041001,0.0003992204800106,0.0,0.0,4.020206236579957e-05,7.970408881975686e-05,0.0717369801070797,6.490332954080576e-05,0.0001176060331895,9.390481731712884e-05,0.0,4.230217010132642e-05,2.7901431343428057e-05,0.0001336068540316,0.0003724191051,0.0008155418372962,0.0,9.580491479212931e-05,5.670290885922477e-05,0.0084705345384218,0.0,0.0,0.0052886713088381,0.0,0.0,1.190061050131878e-05,0.0,0.0,6.800348857896444e-05,0.1257689519472355,0.0,0.0,0.0,6.350325771712121e-05,0.0008315426581383,0.0030660572887389,0.004299920585926,0.024770770740539,0.0069953588619096,0.0,0.0018332940479846,0.0055281835958184,0.0,0.0001807092703855,0.0,0.0829727565024089,0.0,0.0181312301321057,0.0,0.0017801913238149,0.0,0.0,0.0072060696713741,0.0017796912981635,0.0,0.0023565208895216,0.0553243381385467,0.0133056825815164,0.0028691471872507,0.0,0.0255515107925037,0.0,0.0,0.0005014257231395,0.0300322406539456,0.0,0.0002230114404868,0.007831101735519,0.0038564978383391,0.0051222627720802,0.0,0.0015254782570345,0.0074264809784741,0.0057592954518566,0.0003989204646198,7.83040169960723e-05,0.0042779194572681,3.110159551184991e-05,0.0006502333569712,0.007163467485882,0.0,0.0002783142775224,0.0002634135131132,9.960510974213028e-05,0.0,0.0010170521747765,0.0,1.660085162368838e-05,0.0,0.000459423568429,1.190061050131878e-05,0.0,0.0,0.0,3.65018725460618e-05,0.0,2.7801426213164873e-05,0.0,0.0,0.0,0.0,0.0,0.0,0.0,0.0,0.0,0.0,0.0,0.0007305374765725,0.0041926150811536,0.0077680985034532,0.0,0.0,0.0,0.0,0.001481576004849,0.0,0.0,0.0,0.0,0.0,0.0,0.0,0.0,0.0,0.0,0.0156739040712788,0.0,0.0005063259745224,0.0011927611886489,0.0,0.0208372689518973,0.0,0.0,0.0,0.002852946356148,0.0001459074850539,0.0,0.0,0.00037621930005,0.0,0.0002149110249355,0.0,0.0,0.0,1.5100774669740634e-05,0.0,0.0,0.0,0.0,0.0,0.0056779912809527,0.0,0.019186884287164,0.0,0.0004870249843816,0.0,0.0,8.960459671581197e-05,0.0026765373063638,0.0,0.0,0.0,0.0,0.0021328094131228,0.0,0.0,0.0,0.0,0.0,0.0,0.0075676882224058,0.0,0.0,2.870147238553352e-05,1
CCMD13934959ST-21-0,0.0,0.0324759703302123,0.0457053025239643,0.0313745594181335,0.0009242930763127,0.0044888520273991,0.0017276739767694,0.0,0.0885923212467498,0.0047012734182332,0.0019243937864542,0.0054340472085539,0.0,0.007223127368926,0.0001714172617182,0.0099164985914081,3.440346442886814e-05,0.0024534470621191,0.0001456146633966,0.0,0.0001551156201429,0.0003294331739206,0.0035818606933718,0.0002773279269222,0.0001125113298909,0.0,0.0,0.0,0.0,0.0,0.0021666181784505,0.008304736286944,0.0,3.570359535205211e-05,0.0,0.0,0.0017989811574025,0.0009228929353185,0.0076513704930086,0.0,0.0,0.0012331241756044,0.0001968198197558,0.0003446347047147,0.0,0.0023927409490135,0.0003481350572002,0.0,2.1302145126014285e-05,6.870691878672213e-05,0.0064673512622721,0.0,0.0,0.0,0.0,0.0029105930967248,0.0,0.0,0.0,0.0004111414019391,0.0008434849389333,0.0,0.0,0.0,0.0,0.0,2.5302547966580347e-05,0.0,0.0,0.0,0.0,0.0,0.0,0.0,0.0,0.104232796242582,0.0,0.0,0.0224269583947104,0.1290257928973452,0.0010353042551384,0.099158385249395,0.0061097152483255,0.0,0.000742374757138,0.0026572675868459,0.0005449548769561,0.0073139365134068,0.0,0.0,0.0056112650543909,0.0314791699524143,0.0,0.0114290509054261,0.0042945324594186,0.0006101614432573,0.0,9.52095876054723e-05,0.0,0.0043695400126792,0.0,0.0085561616054736,0.0220496203967739,0.0498873236534921,0.0,0.0,0.0045981630350176,0.0,0.001880189335066,0.0,0.0027902809812948,0.0,0.0028776897833611,0.0,0.0061107153490356,0.0004156418551348,0.0,0.0027380757242254,0.0052565293325037,0.0221914346774721,0.0,0.0003128315021322,0.001074708223118,0.000481048441578,0.0,0.034756399969477,0.0,0.0,0.0028370856945294,1.1501158166627431e-05,0.0,0.0,0.0,0.0,0.0014797490107253,0.0,0.0,0.0,0.0,0.0,0.0,0.0,0.0,0.0,0.0,0.0,0.0,0.0,0.0,0.0,0.0,0.0001937195075544,0.0,0.0,0.003088711033201,0.0,0.0,0.0,0.0,0.0,0.0,0.0,0.0,0.0,0.0828757455875809,0.0,4.830486429983521e-05,0.0,0.0003798382497117,5.460549877372675e-05,1.2101218592712338e-05,0.0,0.0,0.0,0.0,0.0,0.0,0.0,0.0,0.0,0.0,0.0007023707287323,0.0003282330530684,0.0,0.0,0.0,0.0,0.0,0.0,0.0,0.0,0.0,0.0,0.0,0.0,0.0,0.0,0.0,5.9205962040377727e-05,0.0,0.0,0.0090470110340111,0.0006313635783123,0.0036014626672905,0.0,0.0,0.0,0.0,0.0,0.0,0.0,0.0,0.0,0.0,0.0,0.0001568157913501,0.0,0.0,0.0,0.0,0.0,1
CCMD26709089ST-21-0,0.0,0.1887606000000002,0.0452304999999999,0.013707,0.0357339,0.0287916999999999,0.0085995999999999,0.0,0.0430366,0.0,0.0038409,0.0,0.0,0.0,0.0033217999999999,0.0162999,0.0001105,0.0038858,0.0028948,0.0013006,0.0,4.8400000000000065e-05,0.0007256999999999,0.0001866999999999,2.9100000000000036e-05,0.0,0.0,0.0,4.380000000000006e-05,0.0,0.002258,0.0008623999999999,0.0,0.0375884,0.0,0.0,0.0,0.0007681,4.620000000000006e-05,0.0,0.0,0.0003110999999999,0.0,0.0,0.0049397,0.0,0.0003317,0.0,0.0004251,0.0,0.0001811,0.0,0.0,0.0,7.74000000000001e-05,0.0,0.0,0.0,0.0,0.0009397,0.000932,1.1300000000000015e-05,0.0,0.0002547,0.0,0.0,6.040000000000008e-05,0.0,0.0,0.0,0.0,0.0,0.0,0.0,0.0,2.6300000000000033e-05,0.0,0.0,0.0,0.2559163000000003,0.1248549000000001,0.0,0.0079106,0.0,0.0034655,0.0,0.0,0.0179497,0.0,0.0,0.0,0.0,0.0,0.0,0.0,0.0,0.0,0.0,0.0,0.0,0.0,0.0,0.0257909999999999,0.0200049,0.0,0.0,0.0,0.0,0.0,0.0,0.0,0.0131372,0.0012174,0.0,0.0078603,0.0001511,0.0,0.0090689,0.000919,0.0,0.0,0.0,0.0,0.0,0.0031868,0.0,0.0,0.0071338,0.000448,0.0,0.0,0.0,0.0,0.0,0.0086458,0.0,0.0,0.0,0.0,0.0,0.0,0.0,0.0,0.0,0.0,0.0,0.0,0.0,0.0,0.0001389,0.0,0.0,0.0,0.0,0.0,0.0,0.0,0.0,0.0,0.0,0.0,0.0,0.0,0.0005365,0.0,0.0,0.0,0.0,0.0,0.0,0.0,0.0,0.0,0.0,0.0,0.0,0.0,0.0,0.0,0.0,0.0,0.0,0.0,0.0,0.0,0.0,0.0,0.0,1.3100000000000015e-05,0.0,0.0,0.0,0.0,0.0,0.0,0.0,0.0,0.0,0.0,0.0,0.0,0.0,0.0003964,0.0004519,0.0,0.0059641999999999,0.0377699,0.0,0.0,0.0,0.0,0.0,0.0,0.0,0.0,0.0,0.0,0.0,0.0,0.0,0.0,1
CCMD46727384ST-11-0,0.0,0.0274648943211266,0.0593106404847805,0.0,0.0096172090919029,0.0060865613833881,0.0001486356874285,0.0,0.1318952680538603,0.0,0.0055538334754174,0.0105532338314429,0.0040300676192353,0.0070198854745024,0.0,0.0311127701761193,0.000150136047665,0.0001030247362391,0.0,0.0032385775824775,6.0914625601607214e-05,0.0002527606878411,0.0,0.0,0.0,0.0,3.5408501581229815e-05,0.0,0.0001694406827079,0.0,0.0,0.0008380012040891,0.0001554373205006,0.0178239795374869,0.0,0.0,0.0,0.0,0.0,0.0006124470485363,0.0,0.0016112868699774,0.0022364369685161,0.0001281307641964,0.0,0.0,3.040730079292052e-05,0.0002378571094919,0.0002514603756361,0.0,0.0,0.0,0.0,0.0,0.0,0.1821549353999903,0.0006075458717638,0.0,0.0,0.0002140513937396,0.0003269785075396,0.0,0.0,0.0,0.0,0.0002672641701272,0.0,0.0,0.0015968834117071,0.0,0.0,0.0,0.0,0.0,0.0,1.5903818506823558e-05,0.0,0.0,0.0153812930484609,3.8009125991150646e-05,0.0040698771775103,0.065510028957953,0.0,0.0,0.0078684892242627,0.0,0.0006913659969758,0.0427818719274498,0.0,0.0,0.0,0.0496019094184515,0.0,0.0194626729877843,0.0115930834993481,0.0,1.6303914569888303e-05,0.0,0.0018922543302646,0.0171276123397227,0.0,0.0125024018266785,0.0037421985018602,0.0057003686585149,0.001474153944362,0.0064268430850247,0.0041975078216279,0.0,0.0925193138872647,0.0272866515250312,0.0,0.0,0.0,0.0,0.0,0.0032051695612116,0.0036121672813642,0.0012083901344712,0.0096836250383717,1.710410669601779e-05,0.0,0.0006638593926401,0.0,0.0003984956788124,0.0,0.0012905098514153,0.0,0.0001147275460838,0.0023738699661788,0.0,0.0,0.0,0.0159078194674541,0.0196039068980462,0.0021534170354302,0.0001196287228563,0.0,0.0,0.0,0.0,0.0,0.0,0.0,0.0,0.0,0.0,0.0,0.0,0.0,0.0,0.0,0.0,0.0,0.0,0.0,0.0,0.0003791910437696,0.0,0.0,0.0,0.0,0.0,0.0008599064635418,0.0,0.0,0.0,0.0,0.0001162279063203,0.0039507485747327,0.0001747419555435,0.0,0.0,0.0,0.0003209770665936,0.0,0.0,4.82115755993016e-05,0.0,0.0009660319442698,0.0,0.0,0.0,0.0,0.0010189446486101,0.0,0.0,0.0,0.0,0.0,1.4303434254564584e-05,0.0,0.0,0.0001723413791651,0.0,0.0,0.0002238537472847,0.0,0.0,0.0,0.0,1.9204611027107696e-05,0.0067817282929631,0.0,0.0006850644839826,0.0,0.0,0.0,0.0,0.0,0.0,0.0,1.4803554333395516e-05,0.0,0.0,0.0008163960166836,0.0,0.0,0.0,0.0,0.0,0.0,0
CCMD49025643ST-11-0,0.0,0.0117602481833905,0.0418849503691266,0.0,0.0054454748945302,0.0061996808235736,0.0003600892957401,0.0,0.0010470411928943,9.137340939710996e-05,0.0004639727557119,0.1618290134293897,0.0,0.0230164914492303,0.000677043937099,0.1007669561725893,3.292645311243064e-05,0.0287521995170921,0.0066757633082418,0.0063259822941751,6.315073530074084e-05,0.0046272175065447,0.0016351136503066,0.0,0.0006995620281334,0.0,0.0006426162779176,0.0,0.0,0.0001288034807164,0.0004764828062865,0.0394736131007652,0.0,0.0,0.0,0.0,0.0021636382669836,0.0044093424657369,0.0,0.0,0.0,0.002768324071559,0.0007500025520503,0.0,0.0,0.0012860331990721,0.0004325475086684,0.0,0.0039989127264844,0.0,0.0002368903176812,0.0,0.0,0.0,0.0,0.003204974876816,0.0,0.0038732117383105,4.8138674611182806e-05,0.000669838147968,0.0026700451142447,0.0,0.0,0.000196457834224,0.0,0.0,0.0,0.0,0.0067480213603609,0.0,0.0,0.0,0.0010135142573543,0.0,0.0,0.0326188059486992,0.0,0.0,0.0,0.0021756479155353,0.0009560681051156,0.0569868832620129,7.956392165465765e-05,0.0,0.0018461832236018,0.0,0.0052438128792672,0.0,0.0,0.0,0.0001531230190334,0.2530596080891397,0.0,0.0112099060385113,0.0390484715420369,0.0,0.0,0.0,0.0001724385371207,0.0108141881187345,1.210972895624349e-05,0.013725226847249,0.0064063468590665,0.0033960283691918,0.0001237994604865,0.0,4.783843339739165e-05,0.0,0.0,0.0358999420134136,0.0005578481752239,0.0,0.0032091782538091,0.0,2.8723076119354397e-05,0.0,0.0,0.0009184378729871,0.0018208628812387,3.702974970090985e-05,0.0,0.011709707579069,0.0001073862741326,0.0173684538157956,0.0,0.0001431149785737,0.0,2.9223478142339664e-05,0.0003138521488163,0.0,0.0,0.0,0.0,0.0,0.0,0.0,0.0,0.0,0.0,0.0,0.0,0.0,0.0,8.276649460176335e-05,0.0,0.0,0.0,0.0,2.1016884965381263e-05,0.0,0.0001746403060218,0.0,0.0,0.0,0.0,0.0,0.0,0.0,0.0,0.0,8.22660925787781e-05,0.0,0.0007327887224596,0.0,0.0,0.0,0.0,0.0,0.0012841316713847,6.335089610993496e-05,6.595298662945834e-05,0.0,0.0,0.0,0.0,0.0,0.0010611525299425,0.0,0.0031128008241821,0.0,0.0,0.0,0.0,0.0,0.0,0.0,0.0,0.0002104690908676,0.0001843481052677,0.0,0.0,0.0,2.8723076119354397e-05,0.0,0.0,0.0,0.0003453774762644,0.0,0.0,7.626126830295488e-05,0.0,0.0,0.0,0.0,0.0,0.0,0.0018942218178084,0.0001824465775804,0.0,0.0,0.0,1.38110958343934e-05,0.0,0.0,0.0,0.0,0.0,0.0,0.0,0.0,0.0,0
CCMD51154251ST-11-0,0.0004424816378621,0.028523762634206,0.2209922730743829,0.0033708219166436,0.0072106303613016,0.0126251293363625,0.0003315611730364,8.291529787245774e-05,0.0396695190262604,0.0,0.0116599512610076,0.0715083932985637,0.0,6.951282511623418e-05,0.0033690215844823,0.1068638163741213,3.9307252188028816e-05,0.0215355733132763,0.0017689263669146,0.0,3.390625570417753e-05,0.0,0.0,0.0,0.0,0.0,0.0,0.0,0.0,0.0,0.0007194327353396,0.0043802081484033,5.050931896935e-05,3.040560983501466e-05,0.0,0.0,0.0001130208523472,0.0049388112106683,0.0,0.0,0.0,0.0042920918909538,0.0001930356150709,6.3211662551741e-05,0.0,0.0008237519822407,0.0005894087459136,0.0,0.0024658549502383,0.0,0.0,0.0,0.000684926368915,0.0,0.0,0.0,0.0005934094840498,0.0,4.550839629911734e-05,0.0023086259414862,0.0,0.0,0.0,4.190773197654982e-05,0.0,0.0,0.0,0.0,0.007240635897323,0.0,0.0,0.0,4.380808259123823e-05,0.0,0.0,0.0171613662720772,1.9103524600288817e-05,0.0,0.0038169042188283,0.0125771204787283,0.0001410260193005,0.0325327022835714,0.0186136342155127,0.0,0.0013475486227208,0.0,0.0038501103453587,0.0337218216760993,0.0002615482556531,0.0,2.010370913433535e-05,0.0707048450439108,0.0,0.0028598276381992,0.0104589296725245,0.0,0.0,0.0078657512311021,0.011522625924483,0.0073533566943101,4.900904216828021e-05,0.0131063181156923,0.0017419213844954,0.001686711198216,0.0,0.0,0.0044561221545375,0.0,0.0003616667275112,0.0200563003874214,0.0012683340076244,0.0332061265303449,0.0011344092985155,0.0,0.0006171138575067,0.000357165897108,0.0,0.0036748780149937,0.0,0.0,0.0,0.0024845584010249,0.0104884351162789,0.0063860782314336,0.0021384945522448,2.340431809668891e-05,0.0,0.0,0.0,0.0,0.0,0.0,0.0,0.0,0.0236816692679799,0.0,0.0,0.0,0.0,0.0,0.0,0.0,0.0,8.411551931331359e-05,0.0,0.0,0.0,0.0,0.0,0.0,0.0,0.0,0.0,0.0,0.0,0.0,0.0,0.0,4.110758434931258e-05,0.0,0.0,0.0,0.0010937017879798,0.0,0.0,0.0,0.0,0.0,0.0079604687064763,5.310979875787099e-05,2.100387521497723e-05,0.0001315242662271,0.0001331245614815,0.0,0.0,0.0,0.0,0.0,0.0018039328256063,0.0,0.0,0.0,0.0,0.0,0.0,0.0,0.0,0.0,8.411551931331359e-05,0.0,0.0,0.0,7.841446746924833e-05,0.0,0.0,1.840339542645624e-05,0.0,0.0,0.0,0.0,0.0,0.0047921841579771,0.0014981764135482,0.0009534759163065,0.0,0.0,0.0,0.0,0.0,0.0,0.0,0.0,0.0,0.0,0.0,0.0,0.0,0.0,0.0,0.0,0.0,0
CCMD52145360ST-11-0,0.0,0.0174577206222532,0.0953829163955412,0.01863318560413,0.0008627678894296,0.0112810027513542,0.0,0.0079339634956654,0.0780998500034263,0.0001244386381971,0.0016111002466265,0.0108952829853669,0.0,0.0001005312149422,0.0003247008196044,0.0178710489607022,0.0001973612806776,0.0003912214742677,3.3010249682526584e-05,0.0013304130932654,0.0,0.0023810393127065,0.0014501502716593,0.0,0.0001696526771562,0.0001212376442885,0.0,3.56110572332711e-05,0.0,0.0,4.131282763298024e-05,0.0014909629439941,0.0003273016271552,0.0018116625212128,0.0,0.0,0.0002983926509181,0.0004340347677954,0.0,0.0011824671560519,0.0,0.0006803112366389,0.0002392742946684,0.0,0.0,0.0,1.5504814244823096e-05,0.0020369324675311,0.0004849505771542,0.0,0.0001121348178609,0.0,0.0,0.0,0.0,0.0,0.0,0.0004485392714437,0.0004889518195399,0.0006390984400656,0.0014932636583659,0.0,0.0,0.0,0.0,0.0016994276722922,0.0,0.0,0.0117064348480203,0.0,0.0,0.0,0.0,0.0,1.6205031662331233e-05,0.0420442547410973,0.0,0.0,0.0014473494019893,0.0303642280928229,0.0,0.0753479955526193,0.0070650937115974,0.0,9.462938242324289e-05,0.0001907592307411,0.0108723758727084,0.0395270731562151,0.0,0.0,0.0,0.0004807492726491,0.0032827192843377,0.004852606734391,0.0600988606962464,0.0,1.1903696097638375e-05,0.0,0.0058307104355902,0.0058047023600828,0.0,0.0048536070449874,0.0101667567779795,0.0062343357612538,0.0024710672663862,0.0011534581487551,0.0119250027133424,0.0,0.0017985584523994,0.0265598468324415,0.0,0.0,0.0019547069365037,0.0,0.0012608915068128,0.0002271705364515,0.0271460288419555,0.0019145944815865,0.0214303541249558,0.0091092284154229,0.0002963920297252,0.0019096929596639,0.0085465537049253,0.0004024249529478,0.0017157327350142,0.0033745477970909,0.0001011314013001,0.0045653175310934,3.56110572332711e-05,2.270705053919253e-05,0.0,3.0309411072138047e-05,0.0016225037874259,0.0,0.0051112870546304,0.0,0.0058858275494541,0.0,0.0,0.0,5.001552982200998e-05,0.0,0.0,2.0406336167380073e-05,0.0,7.562348109087909e-05,0.0,0.0,0.0,0.0,0.0,0.0,0.0,0.0,0.0,0.0,0.0069104456933877,0.0080628035004869,0.0060334733934886,0.0007655376994556,0.0003130972166857,0.0,0.0002004622435266,0.0,0.0082550631971227,0.0,0.0,0.0,0.0007003174485677,0.0,4.3413479885504665e-05,0.0,0.0,0.0003503087708733,0.0,0.0,0.0,0.0,0.0,0.0001863578641168,8.382602798168874e-05,4.0812672334760146e-05,0.0,0.015470803684544,0.0,0.0,1.8705808153431736e-05,0.0,2.180677100239635e-05,0.0,0.0,0.0,0.0,0.0,0.0,0.0007557346556105,0.0,0.0,0.0,0.0,0.0,0.0442086267786149,0.000388320573538,0.000397323368906,0.0,0.0,0.0,0.0,0.0,0.0,0.0019259980223859,0.0001548480803289,0.0,0.0,0.0,0.0,0.0,0.0,4.951537452378989e-05,0.0037884763218979,0.0,1
CCMD75147712ST-11-0,0.0,0.0,0.00019589998041,0.0,0.105267089473291,0.0,0.00377829962217,0.00981479901852,0.5113042488695755,2.1099997890000225e-05,0.00118219988178,0.0,7.139999286000076e-05,0.0,0.00044509995549,0.00987049901295,5.889999411000064e-05,0.00586779941322,0.00033349996665,0.00042959995704,0.0,0.00022879997712,0.0,0.0111152988884701,0.00012759998724,0.0,0.0,0.0,0.00081629991837,0.0,0.0,0.0,0.0,0.00216929978307,0.0,0.0,0.0,0.00277129972287,0.0,0.0,0.0,0.00023119997688,0.0,0.0,0.0,0.0,0.0,0.0,0.0,0.0,0.0,0.0,0.00100389989961,0.0,0.0,0.0,0.0,0.0,0.0,0.0,0.0,4.549999545000049e-05,0.0,0.0,0.0,0.0,0.0,0.0,0.0,0.0,0.0,0.0,0.0,0.0,1.88999981100002e-05,0.0,3.369999663000037e-05,0.0,0.0,0.0,0.0177647982235201,0.0,0.0144079985592001,0.0,0.00255719974428,0.0,0.00138469986153,0.0145945985405401,0.0,0.0,0.0,0.0,0.0,0.2086388791361122,0.0,0.0,0.0,0.0,0.0,0.00096079990392,0.0,0.00493409950659,0.0,0.0,0.0,0.0,0.0,0.0,0.0,0.0,0.0,0.0,1.1999998800000128e-05,0.0,0.0,0.0,0.0,0.0,0.0,0.0,0.0,0.0,0.0,0.0,0.0,0.0,0.0,0.0,0.0,0.0,9.109999089000098e-05,0.0,0.0,0.0,0.0317911968208803,0.0,0.0,0.0,0.0230686976931302,0.0,0.0,0.0,0.0,0.0,0.0,0.0,0.0,0.0,0.0,0.00235279976472,0.0,0.0,0.0,0.0,0.0,0.0,0.0,0.0,0.0,0.0,0.0,0.0,0.0,0.0,0.0,0.0,0.0,0.0,0.0,0.0,0.0,0.0,0.0,0.0,0.0,0.0,0.0,0.0,0.0,0.0,0.0,0.0,0.0,0.0,0.0,0.0,0.0,0.0,0.0,0.0,0.0,0.0,0.0,0.0,0.0,0.0,0.0,0.0,0.0,0.0,0.0,0.0,0.00661839933816,0.00139319986068,0.0,0.0,0.0,0.0,0.0,0.0,0.0,0.0,0.0,0.0,0.0,0.0,0.0,0.0,0.0,0.0,0.0,0
CCMD79349503ST-11-0,0.0,0.0829629811877515,0.1145091228845025,0.094730838102005,0.0,0.0030938356120541,0.0002100295721637,0.0,0.0831613091123233,0.0130852424021302,0.0,0.0055320789167114,0.0,0.0,0.0,0.0196661689965947,0.0,6.640935043654174e-05,0.0,0.0019206704303965,0.0,0.0007736089241365,0.0057762132908313,0.0,9.211296950610684e-05,0.0,6.490913920680059e-05,0.0,0.0,0.0132163608636095,0.0,0.0006535920257572,0.0,0.0071942129451826,0.0,0.0,0.0,0.0001279180108559,0.0,5.2407378958957633e-05,0.0,0.0005566783803159,5.5407801418439945e-05,0.0,0.0,0.0,0.0,0.0,3.880546380930451e-05,0.0003137441751798,0.0002437343177919,0.0,0.0,0.0,0.0,0.0363776219691733,0.0,0.0,0.0001913269388329,5.300746345085409e-05,0.0037838327636531,0.0,0.0,1.8302577002842077e-05,0.0,0.0009988406367616,0.0,0.0,0.0047267655285864,0.0,0.0,0.0,0.0,0.0,0.0,0.0,0.0,0.0,0.0,0.0,0.0229438304913331,0.0,0.0066575373812632,0.0040357682361676,0.0015772220728678,0.0,0.0012904816998233,0.0942309677202553,0.0,0.0,0.0,0.022689794723097,0.0,0.0135460072778247,0.0,0.0,0.0,0.0041644863596794,0.0001304183629054,0.0023126256176869,0.0,0.010333254922293,0.01002641171877,0.0176832898072048,0.0060076458765394,0.0002103296144097,0.0025566599777248,0.0,0.0535591411270708,0.0069821830913792,0.0,0.0079239156873287,0.0007216016015054,0.0,0.004804076413959,0.0002522355147604,0.0025784630475971,0.0036363119927285,0.0008391181478352,0.0,0.0,0.0006868967150574,0.0,0.0007925115856312,0.007267423253194,0.0,0.0,0.0,0.0105993923944491,0.0,0.0,3.940554830120096e-05,0.0005491773241672,0.0003816537368461,0.0,0.0,0.0,0.0,0.0,0.0,0.0,0.0,0.0,0.0,0.0,0.0,0.0,0.0,0.0,0.0,0.0,0.0,0.0,0.0,0.0,0.0,0.0,0.0,0.1690179977340815,0.0,0.0,0.0,0.0004180588626878,0.0,0.0,0.0,0.0,0.0006744949688916,0.0,0.0,0.0,0.0,3.220453439844344e-05,0.0,0.0,0.0,0.0,0.0,0.0,0.0,0.0,0.0,0.0,0.0,0.0,0.0,0.0,0.0,0.0,0.0,0.0,0.0,0.0,0.0,0.0,0.0,0.0,0.0,0.0,0.0,0.0,0.0,0.0,0.0,0.0,0.0,0.0,0.0,0.0,0.0,0.0064361062037534,0.0002667375566479,0.0,0.0,0.0,0.0,0.0,0.0004291604257879,0.0,0.0,0.0,1
CCMD89967135ST-11-0,0.0,6.432085925465654e-05,0.0771638242281975,3.7212067873611566e-05,0.0159852840276101,0.0046634123446233,0.0003663187971859,0.0,0.0425451974075193,0.0417024240961344,0.0027213825443591,0.042394448519655,0.0,0.0012596084910336,0.0017083540192084,0.0526195645247755,0.0,0.0004130339469089,1.710554732899886e-05,0.0,0.0,0.0307191622243094,0.0015309965021656,0.0,0.0128173566687676,8.932896938477184e-05,0.0,0.0,0.0,0.0,0.0,0.0010418378680205,0.0,0.0006110981791394,0.0,0.0,0.0,0.0,0.0,0.0,0.0,0.0037492158707068,0.0003517140608699,0.0,0.0,0.0,0.0,5.3617388118967194e-05,0.0001542500232825,0.0,0.0,0.0,0.0,5.5918134250937816e-05,0.0003047988462658,0.0002173704932509,0.0,0.0,0.0001125364955855,0.0015944170694556,0.0016547366310894,0.0,0.0,0.0,3.89126193624594e-05,0.0,0.0,0.0,0.0020661700589501,0.0,0.0003481128930112,0.000139345189645,5.381745300000813e-05,2.8009083345729135e-05,0.0053530359895714,0.0141362843970299,0.0,0.0,0.0,0.000540475276132,0.0,0.0647419958292476,0.0,0.0,0.0092324940978359,0.0,0.0306717468475027,0.0599099287899067,0.0,0.0,0.056242039293343,0.0089023870441184,0.0,0.0231639120566799,0.0027884042795078,0.0016707418215727,0.0,0.0,0.0011779820195689,0.0101017760059587,0.0,0.0053137232404468,0.0,0.0043669161909207,0.0091512677561333,0.0,0.0063286523819674,0.0132166861713253,0.0880636590446284,0.016312390108112,0.0025370227564799,0.0,0.0137110464923774,0.0,0.0,0.0003440115629498,0.0,0.0035075374944094,3.6111711027886485e-05,0.0283537951357626,0.0148524166387159,0.0021385935458869,0.0004649507835391,0.0009010922242083,0.0,0.0007926570586841,0.0011661781915875,0.0056821427188837,0.0003340083188978,0.0,0.0,0.0003369092596729,0.0,0.0311657070387927,0.0007145317226376,0.0,0.0,0.0,0.0,0.0003624175320056,0.0003703200948067,0.0,0.0003270060480613,0.0001626527482862,0.0,0.0,0.0,0.0,3.080999168030205e-05,0.0,0.0,0.0,0.0,0.0,0.0,0.0035704578994968,0.0,0.0,0.0,0.0,0.0004482453659721,0.0,0.0042063641238853,0.0,0.0013057234461135,0.0010873526284574,0.0043699171641363,2.000648810409224e-05,0.0047955551985508,5.72185559777038e-05,0.0,0.0,0.0,6.372066461153378e-05,0.0,0.0,0.0001303422699981,0.0,0.0,0.0,0.0,0.0,0.0016565372150188,0.0,0.0,0.0,0.0,0.0,0.0,0.0,0.0,0.0014995863158422,0.0034737265295135,0.0,0.0,6.80220595539136e-05,0.0,0.0,0.0,0.0,0.0,0.0278402285861305,0.0,0.0,0.0,0.0,0.006297442260525,0.0,0.000281591320065,0.0,0.0,7.932572533272572e-05,0.0,0.0107331807705238,0.0,0.0,0.0,0.0,0.0,0.0,0.0022602329935598,0
MMRS16644320ST-27-0-0,9.411129335520308e-05,0.0029115493859263,0.0889030683682045,0.0094336320358443,0.0102014241709005,0.0063727647317678,0.0014753770452454,0.001280353642437,0.0356994839380726,0.006382365883906,0.0018809257110853,0.0206377765331839,0.0012363483618034,0.0041953034364123,0.0007246869624354,0.010059307116854,3.290394847381702e-05,0.000190422850742,0.0001953234388126,0.0002503300396047,0.0,0.0210292235068209,0.0018732247869744,0.0,0.0080913709645157,0.0,0.0001526183141977,0.0,2.460295235428264e-05,0.0,0.0,0.000740488858663,0.0004536544385326,0.0001537184462135,0.0,1.0801296155538715e-05,0.0,0.0,1.260151218146184e-05,0.0003101372164659,0.0,0.0018114173700844,0.0002875345041404,0.0,0.0,6.140736888426641e-05,5.200624074889013e-05,0.0001364163699643,4.95059407128858e-05,0.0047816738008561,2.6503180381645927e-05,0.0,1.530183622034652e-05,0.0,0.0,0.0,2.0002400288034665e-05,0.0,8.661039324719009e-05,0.0,0.0003855462655518,0.0031823818858262,0.0,0.0,0.0,0.0003824458935072,0.0,0.0,0.0033515021802616,0.0,0.0,0.0,0.0,0.0,0.0,0.0958307996959639,0.0,0.0,0.0016219946393567,0.0526142137056448,0.0133117974156898,0.0195278433412009,0.0152529303516422,0.1156091731007726,0.0168390206824819,1.7002040244829463e-05,0.0122169660359243,0.0438476617194065,0.0,0.0,0.0220611473376806,0.0627789334720169,0.0,0.0133745049405928,0.0270202424290916,0.0016907028843461,0.0010228227387286,0.0004483538024562,0.0125073008761051,0.0095575469056286,0.0006991839020682,0.0068371204544545,0.007047645717486,0.0009401128135376,0.0024653958475017,0.0,0.0094451334160099,0.0,0.0001394167300076,0.0,0.0063917670120414,0.0,0.0062865543865263,0.0,0.0038656638796655,0.0007522902748329,0.0,0.0017625115013801,0.0034281113733648,4.230507660919331e-05,0.0,0.000137016441973,0.0095773492819138,0.0001921230547665,0.0,0.0036251350162019,0.0,0.0019642357082849,0.000207224866984,1.390166820018409e-05,0.0,0.0,0.0,0.0,0.0004480537664519,0.0001243149177901,0.0,1.6001920230427732e-05,0.0,0.0,0.0,0.0,0.0,0.0,0.0,0.0014448733848061,0.0,0.0,0.0,0.0,0.0,0.0,0.0,0.0,0.0,0.0,0.0009553146377565,0.0020220426451174,0.0,0.0,0.0069819378325399,0.0,0.0,0.0,0.0527807336880427,0.0,0.0,0.0,0.0004164499739968,0.0,2.4402928351402284e-05,0.0,0.0085841300956114,0.0,0.0,9.37112453494424e-05,0.0001463175581069,0.0,0.0,0.0,0.0,0.0001355162619514,0.0,0.0,0.0,0.0,0.0,0.0,0.0,0.0,0.0,0.0,0.0,0.0,0.0037205464655758,0.0003395407448893,0.0,0.0,0.0,0.0042162059447133,0.0,0.0013955674680961,9.161099331919876e-05,1.9502340280833795e-05,0.0,0.0,0.0,0.0010080209625155,0.0,0.0,0.0,0.0,0.0,0.0188356602792335,0.0,0.0006910829299515,2.870344441332974e-05,0.0,6.0207224866984335e-05,0.0,0.0,1
MMRS36405092ST-27-0-0,0.0,0.1515460000000001,0.0825240999999999,0.0,0.0001711,0.0060204,0.0002554,0.0,0.0437995,0.0526204,0.0038413,0.0,0.0017027,6.510000000000004e-05,0.0177214999999999,0.0127569,0.0002943,0.0009925,0.0044384,6.660000000000005e-05,8.320000000000004e-05,0.0002501,0.0023869,0.000782,0.0002032,0.0001505,0.0,0.0,0.0001135,0.0,0.000143,0.0003602,0.0,0.0004316,0.0,0.0,0.0001037,0.0003254,3.720000000000003e-05,0.0008379,0.0005326,0.0004261,7.460000000000005e-05,0.0,0.0,0.0002294,0.0001948,0.0001084,0.0012842,0.0,2.980000000000002e-05,0.0,0.0,4.960000000000003e-05,5.730000000000004e-05,0.0,0.0,0.0001903,0.0,0.0001794,0.0009446,9.910000000000006e-05,9.180000000000006e-05,0.0001242,0.0,0.0001101,0.0,0.0001757,0.0040406,0.0,0.0,0.0,0.0,0.0,0.0,0.0067528,0.0,0.0,0.0148794,0.0191395,0.0066618,0.0320853,0.0045059,0.0,0.0645935,0.0026972,0.0059761,0.2368766000000001,0.0,0.0,0.0057285,0.0,0.0,0.0,0.0620514,0.0,0.0008618,0.003361,0.0,0.0078335,0.0070863,0.0078163,0.0149855,0.0028232,0.0048178,0.0,0.0004107,0.0,0.0001237,0.0,0.0,0.0,0.0019517,0.0,0.000273,0.000265,0.0,0.0015133,0.0047355,0.0,0.0,0.0007284,0.0047416,0.0004864,0.0191291,0.0,0.0,0.0001793,0.0,0.0,0.0,0.0014476,0.0,0.0,0.0035199999999999,0.0,0.0,0.0,0.0,0.0,0.0,0.0,6.700000000000004e-05,0.0,0.0,0.0025744,0.0,0.0,0.0,0.0,0.0,0.0,0.0,0.0,0.0,0.0,0.0020726,0.0,0.0,0.0,0.0,0.0,0.0,0.0001216,0.0111013,0.0,0.0,0.0,0.0004875,0.0,0.0,0.0,0.0011664,0.0,0.0003395999999999,0.0,0.0,0.0,0.0,0.0,0.0,0.0001491,0.0,0.0,0.0,0.0,0.0,0.0,0.0002273,0.0,0.0,0.0,0.0,0.0,0.0,0.0,0.0,0.0,0.0,0.0,0.0,0.0031485,6.110000000000004e-05,0.0002131999999999,0.0096042,0.0,0.0027034,0.0,0.0,0.0,0.0006159,0.0,0.0,4.410000000000003e-05,0.0,0.0,0.0,0.0,0.0,0.0118251,0.005847,0
MMRS41266697ST-27-0-0,0.0,5.061267847595841e-05,0.055101102826258,0.0383782137425426,0.0002188548231331,0.0474852950664142,0.0097385395041457,0.0001471368577828,0.0868197483469612,0.0,1.9904986199042932e-05,0.0,0.0025808465020487,0.0593041556910007,0.0079343875640848,0.0001112278625795,8.332087187840584e-05,0.0010924736646529,0.0014180552228333,0.0,0.0,5.411355544563933e-05,0.0,0.0004490124776256,0.0001151288397743,0.0,0.0,0.0,0.0070033543402622,0.0,0.0001130283135925,0.0015616912036465,0.0,0.0054709704781047,0.0010282575785234,0.0,8.692177390436334e-05,0.000209752543012,0.0006236562258845,0.0,0.0,0.0044109049316853,0.0007669921315289,0.0,0.0077619443670639,0.0,0.0004818206960843,0.0,0.0002362591829253,0.0,5.0312603307128615e-05,0.0,2.0305086424149324e-05,0.0,0.0,0.0,0.0,0.0,0.0,0.0013898481569633,0.0,0.0,0.0,0.000513528638924,0.0,0.0021055274346223,0.0001073268853847,0.0004084023047773,0.0007299828607066,2.4006013506383437e-05,0.0,0.0,0.0,0.0,0.0,0.1999259814583559,0.0,0.0,0.0176787285214946,0.0112733239676539,0.0157015332340751,0.0,0.0,3.630909542840494e-05,0.0,0.0,0.0,0.0,0.0,0.0,0.0,0.0502818956148516,0.0,0.0078828746601023,0.0,0.0,0.0002118530691938,0.0,0.0,0.0,0.0,0.0065869500309827,0.0,0.0198110626711991,0.0,0.0,0.0162353669594233,0.0,0.0203539986766685,0.0054167568976028,0.0,0.0,0.0003245813076175,0.0,0.0111406907430311,0.0,0.0,0.0010522635920298,0.0,0.0,0.0,0.0,0.0,0.0,0.088918574102813,0.0008916233516495,0.0,0.010279274958377,0.0,0.0,0.0,0.0026589660710007,0.0,0.0,0.0002091523926743,0.0,0.0,0.0,0.0014126538697943,2.12053119306387e-05,0.0,0.0,0.0,1.810453518606418e-05,0.0,0.006292676315417,0.0,2.450613878776642e-05,0.0,0.000264366223739,0.0,0.0,0.0,0.0010426611866272,0.0,0.0,0.0246710801055664,0.0015973001236809,0.0,0.0,0.0,0.0,0.0,0.0051507902729633,1.6404109229362013e-05,0.0,0.0,0.0,0.0001246312201206,0.0,0.0,0.0,0.0,0.0,0.0,0.0007896978193037,0.0,0.0,0.0,0.0,0.0,0.0,0.0,0.0,0.0,0.0,1.740435979212799e-05,0.0027751951863941,0.0,0.0,0.0,0.0,0.0,0.0,0.08845605824259,0.0,0.0042808723585258,0.0,0.0,0.0058519659174623,0.0,0.0,3.870969677904329e-05,0.0,0.0,0.0,0.0,0.0,0.0,0.0,0.0,0.0,0.0,0.0,7.271821591308649e-05,0.0,0.0,0.0,0.0,0.0,0.0,1
MMRS51737257ST-27-0-0,0.0,0.0001001862327063,0.1058371625553603,0.0261439374691739,0.0053572735458709,0.0306834802240802,2.2128266190455632e-05,0.0,0.0259827462457315,0.0,0.0014828983521851,0.0029564581700147,0.002013976740756,0.0020755907663414,0.0004524113872057,0.0054281246000036,0.0002713250253536,3.116228312142146e-05,0.0003722217987174,0.0015124365423751,0.0,0.0,0.0001004907501309,0.0041587944682988,0.0,0.0,0.0010191183144595,0.0,0.0,0.0,0.0001093217554455,0.0008012868500342,4.709869501087805e-05,0.0,0.0,0.00115655717878,1.7458999012653067e-05,0.0001109458483769,0.0001720523449212,0.0,0.0208675640524488,0.0,0.0028670315529789,0.0,0.0,1.4007801533407692e-05,0.0001573340027303,0.0007028262160674,6.59787753385145e-05,0.0,0.0011105750476595,0.0,0.0,0.0,0.0,0.0,0.0,0.0005695490898836,0.0,0.0002326513124244,0.0027838982960524,0.0,0.0,0.0004455089922472,0.0,0.0057337585885333,0.0,0.000141499096649,0.0036427389393434,0.0,0.0,0.0,0.0,0.0,0.0,0.0934383295879385,0.0,0.1262863196663548,0.0013365269767418,0.111204282164628,0.0006018279368954,0.0029311832237696,0.0050120522921381,0.0233280648435343,0.0120465063071141,7.024201928346466e-05,0.0,0.0317391406294964,0.0248195911894176,0.0,0.0,0.0194061849316048,0.0139373565025077,0.0090194000945831,0.0,0.0,2.6899039176471296e-05,0.0,0.0178250289570694,0.0,0.0,0.0065251993751708,0.0035520942526091,0.007890452495637,0.006682939401134,0.0,0.0153956904491053,0.0011201165936315,0.0648828171272376,0.0006779572930552,0.0,0.0,0.0080310380400121,0.0,0.0,0.0174025617832865,0.0026166167241172,0.0005829478565678,0.0151762348917486,0.0,4.192189879200998e-05,8.770101829611773e-05,0.0028137410036671,0.0002581292702859,0.0,0.0,0.0,0.0001838270186739,0.0,0.0,0.0,4.00947942441742e-05,0.0,0.0068784395877524,0.0007996627571027,0.0,0.0,0.0,0.0,0.0,0.0,0.0,0.0,0.0,0.0,0.0,0.0,0.0,0.0,5.9076380380023745e-05,0.0,0.0,0.0,0.0,0.0,0.0,0.0068982332203539,0.0,2.7914097258602285e-05,0.0060686262498283,0.0,0.0,0.0,0.0059459057276986,0.0,0.0,0.0,0.0,0.0,0.0,0.0,0.0,0.0,0.0003698871651285,0.0,0.0,0.0,0.0,0.0,0.0,0.0,8.394530339223306e-05,0.0,0.0,0.0,0.0,1.1064133095227816e-05,0.0027653227331494,0.0,2.1417725532963933e-05,0.0,0.0,0.0,0.0,0.0,0.0,0.0,0.0,0.0,0.0,0.0,0.0089130220075757,0.0,1.8068033861931665e-05,0.0,0.0,0.0,0.0,0.0,0.0,0.0,0.0,0.0,0.0,0.0,0.0008066666578694,0.0,0.0,0.0,0.0,0.002833230118844,0
MMRS72802364ST-27-0-0,0.0,3.7603790462078773e-05,0.0456142979212306,1.3201330694134038e-05,0.0721813758826892,0.0096824759935801,0.0122608358922579,0.0,0.0439137265036317,0.0,0.0009060913340064,0.0048776916713204,0.0,0.000748575456406,0.0054780521876605,0.008345741250718,0.0005401544475683,0.0015445556912136,0.0013011311540203,0.0,0.0,0.0006633668673802,0.0003049307370182,0.0021404157539079,9.600967777552026e-05,0.0004729476731254,0.0,0.0,0.0002074209080275,0.0,0.000594359911479,0.0011855195003656,0.0,0.0008336840353507,0.0017707784944722,0.0,0.0002998302228864,0.0007296735510939,6.340639136424984e-05,0.00018601875069,0.0,0.0001575158776004,0.0091054178261168,0.0,0.0,0.0,7.700776238244856e-05,0.0,0.0008364843176192,0.001899291448578,4.580461710540446e-05,0.0,0.111003589161788,2.320233879575073e-05,0.0008014807892635,0.0,0.0005618566351488,0.0002062207870553,0.0,0.0,0.0,7.220727849367254e-05,0.0,1.5201532314457378e-05,0.0,0.0030263050515491,0.0,0.0005044508486455,0.0003395342250498,0.0,0.0,0.0,0.0,5.170521188535832e-05,0.0,0.2187850535333972,0.0,0.0,2.4102429524896235e-05,0.0047280765901202,0.0011656174942434,0.0,0.0169712106980383,0.0,0.0107143800095049,0.0,0.0642232737059898,0.0,0.0330147278845708,0.0,0.0,0.0150627183220068,0.0,0.0125928693612316,6.340639136424984e-05,0.0175858726559637,0.0,0.0,0.0,0.0205438708221789,0.0,0.0070120068102864,0.0,0.009496257222728,0.0054212464616433,0.0,0.0033640390951407,0.0,0.0001852186700419,0.0112866376930794,0.0050324072666524,0.0,0.0027999822382096,0.0,0.0,0.0037412771207337,0.0,0.0108461932962842,0.0137917902124534,0.0006145619478443,0.000179918135748,0.0001032104036086,0.0054286472076385,0.000223022480666,0.0033743401334854,0.0174129552258867,0.0,0.0461224491428738,0.0,0.0006926698211179,0.0,0.0,0.0,7.940800432683656e-05,0.0004762480057989,0.0004851489030094,0.0,0.0009295937030452,0.0001189119863282,0.0,0.0,0.0,0.0,0.0,0.0,6.660671395676719e-05,0.0,0.0,0.0,0.0001805181962341,0.0,0.0004722476025583,0.0,0.0,0.0016125625463046,0.0336501919393475,0.0152625384638771,0.0001378138916402,0.0,0.0,0.0,0.0,0.0,0.0001903191841737,0.0,0.0001044105245808,0.0001161117040597,0.0,0.0,0.0,0.0,0.0,0.0,0.0,0.0,0.0,0.0,0.0,0.0,0.0,0.0,0.0003324335092977,0.0,0.0,7.070712727843004e-05,3.080310495297942e-05,0.0,0.0,1.4601471828360377e-05,0.0,0.0,0.0,0.0,0.0,0.0,0.0,0.0001648166135146,0.0,0.00071157172643,0.0,1.9101925474087887e-05,0.0,0.0,0.0,0.0342755549759416,0.0,0.0,0.0,0.0,0.0,0.0,0.0,0.0,0.0,0.0,0.0005371541451378,0.0,0.0,4.270430459390329e-05,0.0,0.0,1
MMRS80093644ST-27-0-0,0.0,0.0001017044402897,0.0150447494532135,0.0002473540078306,0.0013105457994814,0.0442340239191627,0.0020732289988589,0.0,0.0475966770276398,0.0,0.0,0.0371997003723124,0.0028997777818041,0.0230887097960897,0.0008660893871917,0.0075611645598865,0.0002584654181378,0.0001383420634649,0.0074810823234379,1.061089632944075e-05,0.0,0.0024655318546615,0.0016199635405598,0.0039382441829514,0.0014705100667875,0.0,0.0,1.7718194814254842e-05,0.0,2.762837157477026e-05,0.0023596230969582,0.0066910710608724,0.0016778229563939,0.0732938654704519,0.0,0.0,0.0009648908464101,0.0018085572073962,0.0007449650045631,0.0007705913202267,0.0,0.0004274389370444,0.005703657085461,0.0,0.0,0.0006118282864673,0.0014418806672572,0.0017729206121766,0.0034671604270425,0.0,0.0022723334592292,0.0,5.715869626519499e-05,0.0,0.0,0.0,0.0024488146878029,0.0,0.0,0.0022516121805482,3.8039062313089496e-05,0.0,0.0,0.0004430549731519,0.0001059087577032,0.0004200313301729,0.0002259320095806,0.0,0.0011184485348003,1.0110382351636944e-05,0.0003342432343773,0.0001070098884544,0.0,0.0,0.0,0.0510249975700048,0.0,0.0,0.0002576645957733,0.0040023099721103,0.0008159378866157,0.0001260294196109,0.0002522590448131,0.0205723257212832,0.0043897077909305,1.8218708792058653e-05,0.0387392813680369,0.0004324440768224,0.0020487038139465,0.0,0.0004320436656402,0.0886248088161737,0.0,0.0156689904863304,7.067257366589784e-05,0.0008602834250491,0.0,0.0002312374577453,0.0001517558380701,0.0106565432042164,0.0,0.0096582180240889,0.0661697497159836,2.1622203841124553e-05,0.0001179210931705,0.0,0.0139119862186479,0.009172319054437,0.0025303984661849,2.0020559112152364e-05,0.0001256290084287,0.0,0.0096148735136111,0.0,1.5616036107478845e-05,0.0006721902721905,0.0,0.0038722764406769,0.0291841692233755,0.0073264235042965,0.0,0.000149253268181,0.0041292403168814,0.0001369406243271,0.0001600643701016,0.0,0.0001882933584497,0.0107057937796323,0.0,0.0,0.0,0.0,0.023043963846474,0.1919993641470434,0.0008971212538155,0.0,0.0,8.04826476308525e-05,0.0,0.0003977084067629,0.0,0.0002109165902465,0.0002618689131869,0.0001027054682453,0.0,0.0,0.0,0.0,5.515664035397977e-05,0.000999326208083,7.948161967524488e-05,4.414533284229596e-05,0.0,0.0,0.0023333961645213,0.0184855828450235,0.0014615008151871,0.0,0.0002851928645526,1.1311615898366084e-05,0.0007991206169615,0.0,0.0,0.0,2.912991350818169e-05,0.0,0.0,0.0,0.008123742270938,0.0,0.000113016056188,0.0,0.0,0.0054873349442542,0.0,0.0,0.0001851901717874,0.0,0.0053034461088091,0.0,0.0,0.0005722876822208,0.0,0.0,0.0,0.0,0.0,0.0,8.438665665772222e-05,0.0001557599498925,0.0,0.0,0.0,0.0,0.0,0.0,0.0,0.0,0.0,0.0,0.0,0.0,9.970238437851878e-05,0.0060544172811059,3.403495049065902e-05,0.0,0.0,0.0,0.0,0.0,0.0,2.652724082360188e-05,0.0,0.0001618662204217,0.0,0.0,0.0,0.0,0.0008362587541146,0.0,0.0,1
MMRS95277876ST-27-0-0,0.0,7.152013898780482e-05,0.1055367420921601,0.0524816384832516,0.0005306332892643,0.0076920762105761,0.0,0.0002591978108618,0.0195323204824449,0.0067369362899003,0.0014894846337025,0.0130417424833637,0.000392809066306,0.0010323776584326,0.0013204643893905,0.016094739608515,0.0,0.0,0.0,0.0004445683814781,0.0,0.0011189441099704,0.0007525162450021,0.0,0.0,0.0009770072282485,1.1535506288355616e-05,0.0,0.0,0.0,0.0,0.0014375247010297,0.0,0.0020159049554528,0.0,0.0006256256758302,0.0,5.948308894778158e-05,0.0,0.0009811198870122,0.0010343838334393,0.0002328166095241,0.0002502703320821,0.0,0.0,0.0,0.0,0.0,0.0,0.0,0.0,0.0,0.0,0.0001839662481116,2.3271630077378284e-05,8.456027653116334e-05,0.0,0.0004395529439615,0.0,0.0001507640517512,0.0009810195782618,0.0,0.0,0.0,0.0,0.0005060576454326,0.0,0.0,0.000898365167987,0.0,0.0,0.0,0.0,0.0,0.0,0.0257235771705309,0.0,0.0,0.047847173600342,0.0025300876096625,0.0012569689504294,0.0014965062462258,0.0003041361310112,9.95062803308589e-05,0.0003713429937347,0.0042222962277891,0.0033626502374308,0.0014839676524341,0.0,0.0,0.0178648881256507,0.0248222027400339,0.0020616457456049,0.0021411905846194,0.0001525696092572,0.0013043146805868,0.0029285139659873,0.0023067000226697,0.0012853563267738,0.0026754349888958,0.0,0.0034874343228457,0.0208764577369143,0.0044648427860956,0.0037427200924445,0.0,0.0508586429028551,0.0018612288624385,0.0008799083579256,0.0061141192590794,0.004675491161796,0.0,0.0083594303265451,0.0,0.0005414666343003,0.0069173917317503,0.0022145162811132,0.0013606881982742,0.0032984526372173,0.0042408533466008,0.1178994946445163,0.0,0.0050229606729513,8.516212903316449e-05,0.0,0.006624690798277,0.0,0.0250385687145033,0.0,2.6481510088051153e-05,0.0,0.0,0.0,0.0137263497043901,0.0002049307769313,0.0,0.0006515053334162,0.0,0.0,0.0,0.0,0.0,0.0,0.0,0.0,0.0030561066964115,0.0,0.0,0.0,0.0,0.0,0.0,0.0,0.0,0.0,0.0066736414684398,0.0020430886267932,0.0,0.0517404571270372,0.0,0.0,0.0,0.0005821919869357,0.0,0.131179971953674,0.0,0.0,0.0012175476115483,0.0005830947656887,0.0,8.73689215405021e-05,0.0,0.0,0.0003419525298869,0.0003698383624797,0.0,0.0,0.0,0.0,0.0,0.0,0.0,0.0,0.0,0.0,0.0,0.0,0.0013689135158016,0.0,0.0,0.0003971223425704,0.0,0.0,0.0,0.0,0.0,0.0,0.0,0.0,0.0,0.0,0.0,0.0001293982879302,0.0040756448348015,0.0,0.0,0.0,0.0,0.0,0.0,0.0,8.897386154583853e-05,0.0,0.0047506224157958,0.0,0.0,0.000391304435051,4.373461514541782e-05,0.0,0.0040605985222514,0.0008649623541259,0
MMRS95479054ST-27-0-0,0.0,0.0008164998187334,0.1627922773242341,0.0173665770070769,0.0005497018505195,0.01414149275614,0.0,0.0,0.0230591673262422,0.0025604401936391,0.0025226263083804,0.0170981784511272,0.000174263989737,0.0,0.0022575289646358,0.0215613173157183,0.0,0.0002801028537679,0.0,0.0009239392705001,0.0,0.0004451634640239,0.0018787898916482,0.0,4.771752187403235e-05,0.0,0.0,0.0,0.0,0.0,0.0,0.0006901534243374,0.0,0.0002682985192162,0.0,0.0001189436761178,0.0,0.0003610325711601,5.8921636024748555e-05,0.0004370604886114,0.000147854292096,0.000134549406542,9.363438254527102e-05,0.0,0.0,0.0001206443005871,1.160426108467034e-05,0.0,2.881057924469878e-05,0.0001264464311295,0.0,0.0,0.1233002758612967,0.0,0.0,0.0,3.091135064795806e-05,0.0002162794178022,0.0,1.5005510023280614e-05,0.0028017287948134,0.0,0.0,0.0,0.0,0.0011478214800474,0.0,0.0,0.0017424398239033,0.0002801028537679,0.0,0.0,0.0,0.0,0.0,0.0710987074453742,0.0,0.0,0.0385322490418482,0.0635705431034277,0.0083672724624482,0.0097960971268649,0.0093245239652,0.0075331661786207,0.0072761718102887,0.0009965659390128,0.0112826429865046,0.0727655194987602,0.0,0.0062410917288828,0.0098384126651306,0.0229749363966449,0.0,0.0131881426859942,0.0006813501917904,0.0020611568567978,0.0021267809539662,0.0,0.0107001290874008,0.0161230203730809,0.0,0.0073434965319265,0.0070064727768036,0.0029749924172156,0.0111097795110364,0.0,0.0086096614676909,0.0,0.0012050424916029,0.0178754638703331,0.0019085008014943,0.0,0.0073147859894153,0.0010842981542822,7.162630117779278e-05,0.0097526811845309,0.0,0.0038382093904881,0.0025304291735925,0.0002605956907376,0.0055266293783077,0.0002693989232846,0.0091265512696262,0.000239587976705,0.0,8.653177446758486e-05,0.0,0.0,0.0,1.5805803891188916e-05,0.0,0.000353229705948,0.0,0.0,0.0007293678238649,0.0001879690222249,0.0,0.0,1.5005510023280614e-05,0.0,0.0,1.2604628419555717e-05,0.0,0.0,0.0,0.0,0.0,0.0,0.0,0.0,0.0,0.0,0.0,0.0,0.0,0.0,0.0,0.0,0.0494939741873217,0.0,0.0,0.0,0.0,0.0,0.0,0.0,0.0,0.0,0.0,5.3819762616833135e-05,6.412354616615249e-05,0.0,0.0059917001522959,0.0,0.0,0.0,0.0,0.0,0.0,0.0,0.0,2.4208889504226057e-05,0.0,0.0,0.0,0.0,0.0,0.0003318218449814,3.151157104888929e-05,1.4405289622349388e-05,0.0,0.0,0.0,0.0,0.0012005408385959,0.0,0.0,0.0,0.0,0.0,0.0,0.0097977977513342,0.0,1.8806905895845035e-05,0.0,0.0,0.0021260806968318,0.0,0.0,0.0,0.0,0.0,0.0,0.0025618407079079,0.0,0.0002312849278254,0.0304735899022121,0.0,0.0,7.132619097732717e-05,0.0,0
SAMD00114742,0.0,0.3323776000000001,0.0104793,0.0,0.0061724,0.0,0.0384323,0.0095614,0.037294,0.0116566999999999,0.0038422,0.0,0.0,0.0134541,0.0507076,0.0199238,0.0001193,0.0086912999999999,0.0050335,0.0,0.0,0.0024166,0.0,0.0029586,0.0066365,1.460000000000001e-05,0.0,0.0013794999999999,0.0017375,0.0,2.8300000000000017e-05,6.600000000000005e-05,0.0,0.0,0.0013936999999999,0.0,0.0,0.0003422999999999,0.0001294,0.0,0.0,0.0,0.0007828,0.0,0.0014545,0.0,0.0,0.0,0.0005596,0.0,0.0,0.0001951,0.0,0.0014347,0.0007428,0.0,0.0,0.0,8.650000000000006e-05,0.0,0.0,0.00049,0.0002543,0.0,0.0001425,0.0,0.0,0.0,0.0,0.0,2.7500000000000015e-05,0.0001427,0.0002083,0.0002526,0.0,0.0,0.0,0.0,0.0176264,0.0201427,0.0,0.0,0.0,0.0,0.0,0.0048568,0.0789137999999999,0.0748114,0.0,0.0,0.037828,0.0,0.0,0.0,0.0,0.0005687,0.0005197,0.0,0.0008533,0.0294295,0.0050731,0.0,0.0,0.0,0.0,0.0,0.0006257999999999,0.0,0.0,0.0,0.0,0.0,0.0,0.0,0.0350205,0.0007032,0.0,0.0,0.0,0.0,0.0,0.0,0.0,0.0,0.0,0.0,0.0003141,0.0,0.0002569,0.0,0.0,0.0,0.0,0.0,0.0023159,0.0,0.0,0.0,0.0017515,0.0004669999999999,0.0,0.0001629999999999,0.0001609,0.0001567,3.100000000000002e-05,0.0,0.0,0.0,2.3400000000000013e-05,6.780000000000004e-05,1.630000000000001e-05,0.0,0.0,0.0001318,0.0,0.0,0.0399239,0.0031274,0.0,0.0,0.0,0.0,0.0,0.0,0.0,0.0,0.000345,0.0,0.0,0.0,0.0,0.0,0.0,0.0,4.660000000000003e-05,0.0,0.0,0.0,0.0,0.0,0.0,0.0,1.860000000000001e-05,0.0,0.0,0.0,0.0,0.0,0.0,0.0,0.0,0.0,0.0,0.0,0.0,0.0,0.0,0.0,0.0,0.0,0.0,0.0,0.000458,0.0503654,0.0,0.0,0.0,0.0,0.0,0.0,0.0,0.0,1.770000000000001e-05,0.0,0.0,0.0,0.0,0.0,0.0,0.0,0.0,1
SAMD00114803,0.0196184078473631,0.0139328055731222,0.0322585129034052,0.0,0.0072519029007611,0.0211790084716033,0.0073767029506811,0.0024515009806003,0.037416414966566,0.0011001004400401,0.0008584003433601,0.0020324008129603,0.0,0.0326163130465253,0.0005280002112,0.0055999022399608,0.0,0.0009793003917201,0.0,0.00055620022248,0.0,0.0,0.0016779006711602,0.0,0.0,9.020003608001484e-05,0.00025330010132,0.00056560022624,0.0,0.006554002621601,0.0,0.00027430010972,0.0,0.0,0.0,0.00040810016324,0.0,0.0,0.0,0.0006205002482,6.920002768001139e-05,0.00029880011952,0.0002320000928,0.0,0.0012330004932001,0.0,0.0,0.0001470000588,0.0,0.0,0.0,0.0,0.5793044317217753,0.0,0.0014452005780802,0.0571337228534893,1.0600004240001743e-05,7.250002900001193e-05,0.0,4.510001804000742e-05,0.00051540020616,0.0,0.0,0.0,0.0,0.00016230006492,0.0,0.0,0.0016636006654402,0.0,0.0,0.0,0.0,0.0,0.0,0.0271014108405644,0.0,0.0,0.0,0.0,0.0,0.00040810016324,0.0007389002955601,0.0038204015281606,0.0007232002892801,0.0,0.0101140040456016,0.0,0.0,0.0028034011213604,0.0,0.012776605110642,0.0,0.0112113044845217,0.0,0.0,0.0,0.0,0.0,0.0026593010637204,0.0,0.00045970018388,0.0088013035205214,0.0146211058484423,0.0011590004636001,0.0,0.0009769003907601,0.0,0.0030199012079604,0.0024000009600003,0.0070113028045211,0.00052870021148,0.0,0.0002870001148,0.0016441006576402,0.0007834003133601,0.00049280019712,0.0017787007114802,0.00052020020808,0.0,0.0,1.7900007160002942e-05,0.00039530015812,0.00010280004112,0.0,0.0,0.0,0.0001740000696,0.0,0.0,8.950003580001472e-05,0.0,0.0,0.0,0.0007782003112801,0.00014810005924,0.0,0.0013916005566402,0.0,0.0,0.0,0.0,0.0,0.0,0.0,0.0,0.0,0.0077920031168012,0.0,0.0,0.0,0.0,0.0,0.0031836012734405,5.980002392000984e-05,0.0023532009412803,0.0006331002532401,0.0,0.0,0.0016142006456802,0.0,0.0,0.0,0.0,0.0,0.0,0.0,0.0,0.0,0.0,0.0,0.0,0.0043154017261606,0.0,0.0,0.0,0.0,0.0,0.0,0.00027320010928,0.0,0.0,0.0,0.0,0.0,0.0,0.0,0.0,0.0,0.0,0.0,0.0,0.0,0.0,0.0,0.0,0.0074217029686811,0.0,0.0,0.0,0.0,0.0,4.040001616000665e-05,0.0035703014281205,0.0,0.0,0.0,0.0,0.0,0.0,0.0,0.0,0.0,0.0,0.0,0.0,0.0,2.8300011320004657e-05,0.0,0.0,0.0,1
SAMD00114808,0.0,0.0,0.0203133060939918,0.0495502148650644,0.1636682491004749,0.0,0.0184680055404016,0.0,0.0,0.0,0.0051104015331204,0.0,0.0,0.0,0.0088336026500807,0.0,0.00066010019803,0.0,0.00094170028251,0.0,0.00022790006837,0.011919903575971,0.0,0.0058666017599805,0.0069055020716506,0.0,0.0,0.0124292037287611,0.0050556015166804,0.0,0.0,0.0020279006083701,0.0017990005397001,0.0,0.0,0.0,0.0016070004821001,0.0,0.0,0.0,0.0,0.0,0.00033740010122,0.0,0.0,0.0,0.00028810008643,0.0,5.700001710000523e-05,0.0025973007791902,0.0,5.740001722000527e-05,0.0,0.00094960028488,0.00024230007269,0.0,0.0,0.0,0.0001890000567,0.0,0.0,7.940002382000727e-05,0.0,0.0,0.00034130010239,0.0,0.00041390012417,0.0,0.0,0.0,0.0,6.020001806000552e-05,0.0,0.00010840003252,0.0011616003484801,0.0,2.3400007020002143e-05,0.0,0.0,0.0,0.2854614856384462,0.0,0.0,0.0,0.0028249008474702,0.0,0.0,0.0,0.0,0.0,0.0,0.0,0.0,0.0,0.0,0.0022912006873602,0.0,0.0,0.0,0.0,0.0,0.0,0.0,0.0,0.0,0.0,0.0,0.0,0.0,0.0,0.0,0.0,0.0,0.0,0.0,0.0,0.0,0.00092190027657,0.0,0.0,0.0,0.0,0.0,0.0,0.0,0.0,0.0,0.0,0.0,0.0,0.0,0.0,0.0,0.0,0.0128680038604011,1.3900004170001276e-05,0.0,0.0,0.0,3.640001092000335e-05,0.00030680009204,0.0,0.0,2.240000672000205e-05,0.0,0.0,0.0,0.0,0.0,0.0,2.5500007650002336e-05,0.0,0.0,0.00011040003312,0.0,0.0022139006641701,0.1835665550699668,0.0052200015660004,0.0,0.0,0.00020110006033,0.0,0.0036589010976703,0.0,0.0,0.0,0.0,0.0,0.0,0.0,0.0,0.0,0.0,0.0,0.0,0.0034533010359903,0.0,0.0,0.0,0.0,0.0,0.0,0.0,0.0,0.0,0.0,0.0,0.0,0.0,0.00014190004257,0.0,0.00018560005568,0.0,0.0,0.0,0.0,0.0,0.0,0.0,0.0,0.0016720005016001,0.0,0.00059380017814,0.00038530011559,0.0,0.0,0.0,0.0,0.0,0.0,0.0,0.0,0.0,0.0,0.0,5.34000160200049e-05,0.0,0.0,0.0,0.0,0.0,1
SAMD00114829,0.0,0.1688730000000002,0.0806627,0.003332,0.0047951,0.0037524999999999,0.0,0.0056650999999999,0.1431552000000001,0.0,0.0077722,0.0,0.0094233,0.0,0.0007924,0.0053485,0.0001365,0.0041293,0.0013239999999999,0.0021971,7.410000000000011e-05,0.0,0.0012068,0.0002071,0.0,0.0,0.0,0.0,0.0,0.0141019999999999,0.0001409,0.0002623,0.0,0.0,0.0,0.0,0.0,0.0,0.0,0.0001657,0.0,0.0013747,0.0,0.0004268999999999,0.0,4.1200000000000066e-05,0.0002479,0.0010255,0.0003051,0.0,0.0,0.0,0.0,0.0,1.7100000000000026e-05,0.0,0.0004965,0.0,0.0,0.0004853,0.0061769,0.0,0.0,2.070000000000003e-05,0.0,0.0003162,0.0,0.0,0.0,0.0,0.0,0.0,0.0,0.0,0.0,0.0120927999999999,0.0,0.0,0.0298775,0.0,0.0184503,0.0013802,0.0006474,0.0637713999999999,0.0031306,0.0,0.0019123,0.0,0.0,0.0,0.0,0.0592884999999999,0.0035853,0.0,0.0650628999999999,0.0,0.0001905,0.0,0.0,0.0045412,0.0,0.0033951,0.0163949,0.0105028999999999,0.0347105,0.0,0.0,0.0,0.0148815,0.0,0.0,0.0,0.0010148,0.0,0.0036092,0.000213,0.0,0.0041139,0.0040447,0.0,0.0,0.0,0.0210252,0.0,0.0,0.0096692999999999,0.0,0.0001245,0.0,0.0017866,0.0,0.0,0.0,0.0,0.0,0.0,0.0,0.0,0.0,0.0,0.0,0.0,0.0,0.0,0.0,0.0002887999999999,0.0,0.0,0.0,0.0,0.0,0.0,0.0,8.930000000000014e-05,0.0,0.0,0.0015617,0.0,0.0,0.0,0.0,0.0,0.0001767,0.0,0.1371369000000002,0.0,0.0,0.0,0.0,0.0,0.0,0.0,0.0,0.0,0.0,0.0,2.470000000000004e-05,0.0,0.0,0.0,0.0,0.0,0.0,0.0,0.0,0.0,0.0,0.0002487,0.0,0.0,0.0,0.0,0.0,0.0,0.0,0.0,0.0003463,0.0,0.0,0.0,0.0,0.0,0.0,0.0,0.0,0.0,0.0,0.0,0.0,0.0,0.0,0.0,0.0,0.0,0.0,0.0,0.0,0.0,0.0,0.0,0.0,0
SAMD00114840,0.0112823123774047,0.0053788361492518,0.0571070475817045,0.0007019874306439,0.0009678584181976,0.007032277618124,0.0014413848497548,0.0005563485450615,0.0064197140636549,0.008884372127358,0.0078645998481594,0.0471695942816734,0.0,0.0004450188200249,0.0035247411058752,0.0022569025929923,1.4103765705443424e-05,0.0017616703659877,0.0009798616230533,0.0019048085838918,0.0,0.0005149374883093,0.0035264415598964,0.0,0.0023314224898047,0.00018965063672,0.0,0.0,0.0,0.0023985404102895,0.0,0.0005396440849706,0.0,9.332491775304052e-05,0.0,0.0,0.0,0.0001386370160832,0.0,0.0006618767210845,0.0,0.000181248393321,0.0,0.0,0.0,0.0,0.0,2.2606035811561795e-05,0.0001847493280705,0.0,0.0001883502895273,0.0,0.3667479216950944,0.0,0.0,0.0,0.0,0.0,9.722595933114186e-05,0.0,0.0080899600193251,7.381970986253366e-05,0.0,0.0,0.0013044482876928,0.0002452654858847,0.0,0.0,1.2503338391350552e-05,0.0,0.0,0.0,0.0,0.0,0.0,0.0362919899613197,5.271407465793393e-05,0.0090276103719693,0.0092981826147581,0.0506474228619043,0.0020513477098385,0.0065846581037136,0.014706126535785,0.0,0.0106024308490366,0.0008185185444513,0.0,0.0004049081104654,0.0,0.0,0.0147715440022486,0.0068330244175194,0.0,0.007506404209924,0.0,0.000796112562054,0.0005622501207822,0.0124339198566017,0.0,0.0228925123007844,0.0005054349511319,0.00412490134866,0.0158009188453317,0.0067092913807986,0.0,0.0020226400448919,0.0020732535587001,0.0,0.0,0.0013641642318499,0.0,0.0,0.0030559159295531,0.0,0.0002717725632743,0.0002471659933202,0.0,0.0123737037789089,0.0042540358275659,0.0,1.9505207890506856e-05,0.0,0.0041103974761261,0.0,0.0,0.0,0.0,0.0005503469426336,0.0,1.7804753869283182e-05,0.0,0.0,0.0003253868782965,0.0,4.581223186590842e-05,0.0,0.0,0.0,0.0,0.0,0.0003171846883117,0.0,4.001068285232176e-05,2.3406249468608232e-05,0.0,0.0,0.0,0.0,5.281410136506473e-05,0.0,0.0,0.0,0.0,0.0,0.0,0.0,0.0003961057602379,0.0,0.0,0.0029576897031507,3.150841274620339e-05,0.0001727461232148,0.0,0.0,0.0009182451714607,9.942654688801958e-05,0.0,0.0,0.0,0.0,5.531476904333484e-05,0.0,0.0,0.0,0.0,0.0,0.0,8.122168619021319e-05,0.0,0.0,0.0,0.0,3.0408118967764545e-05,0.0,0.0,0.0002426647914993,0.0,0.0,0.0,0.0,0.0,0.0,0.0,0.0,0.0,0.0,0.0,0.001348960172366,0.0,0.0,0.0,0.0,0.0,0.0,0.0,0.0012594362694839,0.0,0.0003975061341378,0.0,0.0,0.0001785476722284,1.3903712291181812e-05,0.0,0.0,0.0,3.0508145674895347e-05,0.0,0.0,0.0,0.0,0.0,1
SAMD00114878,0.1016349591948037,0.0562228387642717,0.0007533636486331,0.0,0.0098256428377978,0.2103839523337925,0.0669838330962358,0.0,0.0662897980855361,0.0,0.0048425374928477,0.0078073686168313,0.0027510279211775,0.0,0.0022885046611999,0.0,0.0044298382829391,0.0035596182277185,0.0003497688334158,0.0,0.0,0.0013044296481911,0.000410898340629,0.0211364025415068,0.0015910680085277,0.0,0.0002368143102675,0.000230211122909,0.000979672888103,0.0,0.0004986406938629,0.0006401089806049,0.0011245428168176,0.0,0.0043545019180758,0.0,0.0,0.0002894397125492,0.0,0.0,0.0013149347189888,4.952390518903499e-05,1.3606567890320724e-05,2.5412266501040172e-05,0.0,0.0,8.68419185941058e-05,0.0,3.601738559202544e-05,0.0,5.532670620108353e-05,3.221555044620054e-05,0.0,0.0002139032510993,0.0011217414646049,0.0006717242412912,2.151038306190408e-05,0.0,0.0,0.0,3.5417095832158354e-05,0.0007241495469863,1.9909610368925177e-05,0.0,0.0041624091949183,0.0,3.211550215288936e-05,0.0,8.253984198172497e-05,0.0,0.0003036465701994,0.0004413130217956,0.0003494686885359,0.0001176567929339,0.0010132891146556,0.0415331480505642,0.0003660767052256,0.0875127424007572,0.0,0.0,0.0,0.0,0.0,0.0178234033568003,0.0186809172787704,0.0,0.0,0.0,0.0123242489149512,0.0,0.0038143411824887,0.0042214376879719,0.0,0.015316493271302,0.0,0.0,0.0,0.0,0.0053572859619338,0.0039457045916063,0.0,0.0,0.0361846663384416,0.0026935001525236,0.0,0.0035986370621098,0.0007738735487619,0.0,0.0,0.0,0.0,0.0052654416286741,0.0002934416442816,0.0,0.0,0.0,0.0,0.0,0.0011223417543648,0.0,0.0,0.0,0.0,0.0,0.0,0.0,4.2620572950563446e-05,0.0,0.0,0.0,0.0,0.0,9.01435122733748e-05,0.0,0.0,0.0,0.0,0.0,0.0,0.0050651449454651,0.0003187538624894,0.0034672736529922,0.003498688817092,0.0005229524291375,0.0008229972607777,0.0,0.0006714240964113,0.0,0.000103850128457,0.0005337576448151,0.000139567369169,0.0002856378774034,0.0,0.0,0.000847208947759,0.0,0.0,0.0004516179960066,0.0,0.0,7.353549558371861e-05,0.1321848056056664,0.0,0.0,0.0,0.0001079521084827,0.0,0.0,0.0,0.0,0.0,0.0,0.0,0.0,0.0,0.0,0.0,0.0,0.0,0.0,0.0,0.0,0.0002214068730976,0.0,0.0,0.0024083625165867,0.0,0.0,0.0,0.0,0.0,9.714689280515752e-05,0.0,0.0001312633608242,0.0,0.0,0.0,0.0,0.0,0.0,0.0,0.0,0.0,0.0,0.0,0.0,0.0,0.0,0.0,0.0,0.0,0.0,0.0,0.0,0.0,0.0,0.0,0.0,0.0,0.0,0.0,1
SAMD00114898,0.0,0.0,0.0417510732329744,0.0576329086128093,0.0011326859707249,0.0030464966990194,0.0,0.0021280918436897,0.0273881304883878,0.0007164398975015,0.0002783651872892,0.0016287367397288,0.0,0.0,0.000184842494869,0.0010506783849732,0.0,0.0,0.0,0.0006967140191216,0.0,0.0,0.0006242189127916,0.0,0.0,0.0008025528691089,6.128039374855897e-05,1.0113267595758916e-05,0.0,0.0,0.0,7.780206853370967e-05,0.0,0.0004819322469147,0.0,0.0020849352265236,0.0,0.0003125099818451,0.0,0.0006527563510569,0.0008597278770018,0.0001151510666843,0.0001952561565517,0.0,0.0,0.0,0.0,0.0,0.0,0.0,0.0,0.0,0.6153563860428519,6.408407189391788e-05,0.0001082420026833,0.0,0.0,1.3918259364460288e-05,0.0001487952044286,0.0,0.0008874642643684,0.0,0.0,0.0,0.0,0.0008794537553816,0.0,0.0,0.0051305307432821,0.0,0.0,0.0,0.0,0.0,0.0,0.0215152258247595,0.0,0.0,0.0011340878097976,0.0377051654064968,0.0001520995393857,0.0032129150232189,0.0051525596429956,0.0039037212919629,0.0008775512594973,9.572558239153984e-05,0.0013126220288396,0.0046093470023323,0.0,0.0,0.0,0.006843778352821,0.0,0.0032322403761494,0.0010822197641085,0.0004533948086494,0.0001757305408966,0.0,0.006070563972876,0.0017686202529097,0.0,0.0017969574284503,0.0096173169581173,0.00033073388979,0.0044906913379662,0.0,0.0062201602282033,0.0004863380268574,0.0055269508067633,0.0160059982691292,0.0,0.0011812496814571,0.0008778516535843,0.0,0.0001266661733528,0.0081551988053126,0.0070193086309929,0.0015958936528832,0.0015818752621564,0.0010954371039366,0.0025141983768505,4.616055803608773e-05,0.0002920831839289,0.0002131796704096,0.0001242630206567,0.0008410033122453,0.0,0.0025382299038108,0.0001049376677262,0.0,0.0,0.0,0.0,0.0013669933585871,0.0,0.0,0.0,0.0012415287615823,0.0,0.0,0.0,0.0,0.0,0.0,0.0,0.0,0.0,0.0,0.0,0.0,0.0,0.0,0.0,0.0,0.0,0.0012673626530645,0.0,0.0,0.0,0.0084451792306326,0.0,0.0,0.0,0.0,0.0,0.0,0.0,0.0,0.0,0.0,0.0,0.0,0.0,2.1227848814860296e-05,0.0,0.0,0.0,0.0,0.0,0.0,0.0,0.0,0.0,0.0001130483080753,0.0,0.0,0.0,0.0037529234602875,0.0,0.0,0.0,0.0,0.0,0.0,0.0,0.0,0.0,0.0123396884372608,0.0,0.0,0.0,0.0097097382055518,0.0,0.0,0.0,0.0,0.0053598315630275,0.0,0.0,0.0,0.0,0.0,0.0,0.0,0.0,0.0,0.0,0.0,0.0,0.0,0.0,0
SAMD00114909,0.0932488029095577,0.0,0.0551325112093947,0.011670250546232,0.0,0.0183536367619142,0.0,0.0,0.021627478994479,0.0197155543306508,0.0017424224772499,0.0043588562292453,0.0,0.0002504032302016,0.0005096065739248,0.0113268461163149,0.0,0.0002688034675647,0.0002664034366043,0.0021544277921185,0.0,0.0010497135413046,0.0015032193915301,0.0,0.0001422018344036,0.0003151040648424,5.650072885940243e-05,0.000733209458402,0.0,0.0010088130136878,0.0,0.000595507682049,0.0,0.0,0.0,0.0,0.0,1.730022317287898e-05,0.0,3.750048375624056e-05,0.0025460328438236,2.010025929334494e-05,0.0,0.0,0.0,0.0,0.0,0.0,0.0,0.0,0.0,0.0,0.0,0.0,0.0,0.0,0.0,0.0,0.0,0.0,0.0,0.0,0.0,0.0,0.0,0.0,0.0,0.0,0.0,0.0,0.0,0.0,0.0,0.0,0.0,0.0663634560885836,0.0,0.5292489273111638,0.0,0.0020801268336361,0.0032839423628564,0.0,0.0089114149572529,0.0085853107505086,0.0028354365771318,0.0,0.0116717505655822,0.0130328681239988,0.0278820596785698,0.0054093697808701,0.002217928611279,0.0018578239659291,0.0,0.0112174447050366,0.0031678408651471,0.0,0.0,0.0,0.0,0.0026365340112887,0.0,0.0016749216064887,0.0211079722928425,0.0037899488903406,0.0006049078033106,0.0,0.0004657060076074,0.0032327417023679,0.0,1.870024123311196e-05,0.0,0.0050431650568292,0.0007595097976763,0.0002833036546171,0.0018226235118433,0.0021211273625429,0.0,0.0016120207950682,0.0007133092016887,0.0,0.0,0.0,0.0013364172397823,3.050039345507566e-05,0.0,0.0,9.940128227654162e-05,0.0,0.0,0.0,0.0,0.0,0.0,0.0,0.0,0.0,0.0,0.0,0.0,0.0,0.0,0.0,3.0400392165059013e-05,0.0,0.0,0.0,0.0,0.0,0.0,0.0,0.0,0.0,0.0,0.0,0.0,0.0,0.0001459018821342,0.0001413018227935,0.0,0.0,0.0,0.0003041039229406,0.0,0.0,0.0,0.0,0.0,0.0,0.0,0.0,0.0,0.0,0.0,0.0,0.0,0.0,0.0,0.0,0.0,0.0,0.0,1.550019995257943e-05,0.0,0.0,0.0,1.850023865307868e-05,0.0,0.0,0.0,0.0,0.0,0.0,0.0,9.720125389617552e-05,0.0,0.0,0.0,0.0,0.0,0.0,0.0,0.0,0.0,0.0,0.0035136453260247,0.0,0.0,0.0,0.0,0.0,0.0,0.0,0.0,0.0,0.0,0.001538519846906,0.0,0.0,0.0,0.0,0.0,1
SAMD00114917,0.0159462442985354,0.0,0.0,0.0,0.0,0.0036065217902361,0.0019883287224767,0.0,0.00052679306966,0.0,0.0013871083752195,0.002401680215799,0.0,0.0,0.00061032368363,0.0,0.000203674646758,0.0037346687560991,6.742471115663913e-05,0.0,6.532394122445898e-05,0.00211997697156,0.0,0.0001401513654754,0.0031335484455052,0.0020878652025967,0.0,0.0,6.692452783945336e-05,0.0,0.0,0.0002621960948687,0.0,0.0,0.0041344152631939,0.0,0.0,3.721363879861981e-05,0.0,0.0,0.0,2.9210705723647814e-05,0.0,0.0,0.0007188634634593,0.0,0.0,0.0,0.0,0.0,0.0,0.0,0.5542905474856553,0.0001468538219257,0.0003688351780927,0.0,0.0,0.0,0.0003202173596623,0.0,0.0,0.0009288404200139,0.0,0.0,0.0003267197427857,0.0,0.0,0.0,0.0,0.0,0.0,0.0,0.0,6.862515111788493e-05,0.0,0.0160672886612943,0.0,0.0,0.0078995952016414,0.0081531881434545,0.0,0.0,0.0044257220271229,0.0168648809788787,0.0006307311629712,0.0,0.000493380824072,0.0,0.0226368964225388,0.0073267852668002,0.0,0.0,0.0,0.0019618190066659,0.0,0.0,0.0,0.0,0.0,0.0,0.0,0.0,0.0037649798651205,0.0,0.0,0.0,0.0006982559107913,0.0,0.0,0.0,0.0037308673628884,0.0007014570840212,0.0,0.0003075127034057,0.000459068248513,0.0010017671476596,0.0,0.0,0.0,0.0,0.0,0.0,0.0,0.0,0.0,0.0,0.0,0.0,0.0,0.0,0.0,0.0,0.0,0.0,0.0,0.0010337788799595,0.0,0.0,0.0130538842485771,0.0,0.0001516555817707,0.0,0.0,0.0,0.0001372503022357,0.0,0.0,0.0,0.0,0.0,0.0,0.0,0.0,0.0,0.0001531561317222,0.0,0.0171277773303915,0.0004370601825569,0.0,0.0019795254960943,0.0,0.0404891392695423,0.0,0.0,0.0,0.0,0.0,0.0,0.0,0.0,0.0,0.0,0.0,0.0,0.0,0.0,0.0,0.0,0.0,6.362331794602744e-05,0.0,0.0,0.0001147420529624,0.0,0.003607422120207,0.0,0.0,0.0,0.0,0.0,0.0005067857369726,0.0,0.0,0.0,0.002147887200659,0.0,0.0,0.0007412716760692,0.0,0.0,0.0,0.0,0.0,0.0,0.0,0.0002298842525785,0.0,0.0,0.0,0.0,0.0,0.0,0.0,0.0149824910829819,0.0,0.0,0.0,0.0,0.0,0.0,0.0,1
SAMD00114949,0.0,0.0028958,0.0405568,0.0,0.0439977,0.0,0.0234062,0.0,0.2184569,0.0,0.0011971,0.0,0.0,0.0,0.0,0.0,0.0012164,0.0150135,0.0017259,0.0,0.0,0.0,0.0,0.004863,0.0,0.0,0.0,0.0,0.0048501,0.0,0.0,0.0,0.0002037,0.0,0.0,0.0,0.0,0.0014054,7.970000000000001e-05,0.0,0.0,0.0,0.0007137,0.0,0.0061186,1.17e-05,0.0,0.0,0.0002996,0.0,0.0,0.0,0.0,0.0,0.0228204,0.0325727,0.0,0.0,0.0,0.0,0.0,0.0,0.0006327,0.0,0.0,0.0,0.0,0.0,0.0,1.9500000000000003e-05,0.0,0.0,0.0,0.0,0.0,0.3141427,0.0,0.0,0.0,0.0,0.0,0.0,0.0,0.0,0.0,0.0,0.0,0.0,0.0,0.0,0.0101634,0.0,0.0,0.0,0.0,0.0,0.0,0.0,0.0135397,0.0,0.0012874,0.0,0.0,0.0707471,0.0,0.0041334,0.0030266,0.0,0.0,0.0,0.0,0.0,0.0,0.0,0.0010896,0.0,0.0,0.0,0.0,0.0,0.0,8.620000000000001e-05,0.0,0.0003124,0.0346225,0.0,0.0,0.0454451,0.0,2.8000000000000003e-05,0.0,0.0036905,0.0,0.0,0.0020247,0.0,0.0,0.0,0.0,0.0,0.0,0.0,0.0,0.0,0.0,0.0,0.0,0.0,0.0,0.0,0.0,0.0,0.0,0.0,0.0,0.0,0.0060042,0.0,0.0,0.0,0.0,0.0066113,0.0021459,0.0,0.0,0.0,1.29e-05,0.0,0.00807,0.0,0.0,0.0,0.0,0.0,0.0,0.0,0.0,0.0,0.0,0.0,0.0,0.0,0.0,0.0,0.0,0.0,0.0,0.0,0.0,0.0,0.0,0.0,0.0,0.0,0.0,0.0,0.0,0.0,0.0,0.0,0.0003487,0.0,0.0005569,0.0079119,0.0,0.0,0.0082293,0.0,0.0,0.0,0.0168319,0.0,0.0,0.0,0.0,0.0,0.0,0.0,0.0,0.0,0.0,1
SAMD00114990,0.0,1.1800213583865916e-05,0.037523079167733,0.050947422148341,0.0,0.0,4.190075840372727e-05,0.0,0.0113260050006905,0.0024070435674885,0.0004075073758835,0.0064088159995695,0.0,6.910125073263854e-05,0.00024440442372,0.003189957738235,4.750085976556194e-05,0.0015780285623169,0.0001997036146354,0.0008604155735218,0.0,0.0047719863729533,0.0,0.0,0.0016232293804517,0.0048126871096366,0.0,0.0001699030752456,0.0,0.0,2.50004525081905e-05,2.0700374676781732e-05,0.0,0.0,0.0,0.0,0.0,2.6700483278747453e-05,0.0,0.0,0.0,0.0,5.6501022668510515e-05,0.0,0.0,7.47013520944732e-05,0.0004281077487502,0.0,4.3700790984316984e-05,0.0003746067803827,0.0,0.0,0.5793422860953806,0.0003118056436821,0.0050211908835549,0.0,0.0,0.0,7.480135390450595e-05,0.0,0.0018858341335978,0.0045166817519397,0.0,1.0500190053440007e-05,3.520063713153222e-05,3.0300548439926883e-05,0.0,0.0,0.0,0.001031718674108,6.470117109119701e-05,2.410043621789564e-05,0.0,8.530154395794596e-05,0.0001889034191518,0.0334320051192927,0.0,0.0,0.0,0.0132073390528368,0.0017244312122049,0.0072613314300988,0.0013840250508534,0.0,0.0029899541181695,0.0,0.0003771068256335,0.010827095970437,0.0,0.0,0.0025023452924497,0.0,0.0,0.0404402319681987,0.007255631326927,0.0084043521187733,0.0,0.0,0.0039189709333738,0.0042294765535256,0.0,0.0,0.0035962650923981,0.0107375943504577,0.0018891341933288,0.0027693501252372,0.0030715555951562,0.0,0.0,0.0052966958701952,0.0,9.220166885020656e-05,0.0010495189962938,0.0,0.0,0.000207603757628,0.0,0.0007826141653163,0.0015670283632133,0.0,0.0,4.4100798224448035e-05,0.0014538263142562,0.000177103205568,0.0,8.140147336666825e-05,0.0001688030553353,0.0018949342983107,0.0,0.0,0.0,0.0,0.0,0.0,7.690139191519397e-05,0.0,0.0,2.6400477848649167e-05,0.0,1.4800267884848771e-05,2.780050318910783e-05,0.0,3.830069324254784e-05,1.850033485606097e-05,0.0,0.0,0.0,0.0,0.0,0.0,0.0,0.0,0.0,0.0005807105108602,0.0,0.0,0.001807132709102,7.350133037408006e-05,0.0008931161654025,0.0,0.0,0.0,1.250022625409525e-05,0.0,0.0843575268712366,0.0,0.0001014018353732,0.0,0.0,0.0,0.0,0.0,0.0,0.0,6.530118195139359e-05,0.0,0.0003806068889846,0.0,0.0,0.0,0.0,0.0,0.0,0.0,0.0,0.0,0.0,0.0,0.0,0.0,0.0,3.160057197035279e-05,0.0,0.0,0.0,0.0,0.0004432080220651,0.0,0.0,0.0,0.0,0.0022936415149114,1.260022806412801e-05,0.0008894160984313,0.0,0.0,0.0039245710347357,0.0,0.0,0.0,0.0,0.0,0.0,0.0,0.0,0.0,0.0,0.0,0.0,0.0,0.0,0
SAMD00114994,0.0,0.0,0.0,0.0,0.0091763027528908,0.0128949038684711,0.0927804278341284,0.0,0.0495259148577744,0.0347695104308531,0.0,0.0,0.0,0.00041660012498,0.0902337270701182,0.0,0.00107450032235,0.00097070029121,0.00068420020526,0.0,0.0,0.00079720023916,0.0,0.0105324031597209,0.00024750007425,0.0014915004474501,0.0,0.0058930017679005,0.0061808018542405,0.0,0.0,7.600002280000695e-05,0.0019244005773201,0.0,0.0010260003078,0.0,0.0,0.0,0.00034350010305,0.0,0.0,4.4200013260004054e-05,0.0,0.0,0.0,0.0,0.0,0.0,4.970001491000455e-05,0.0,0.0,0.0,0.0,0.0,2.4700007410002263e-05,0.0,0.0,0.0,0.0,0.0,0.0,2.8600008580002615e-05,8.170002451000749e-05,0.0,3.94000118200036e-05,0.0,0.0,0.0,0.0,0.0,5.2900015870004846e-05,1.660000498000152e-05,0.0,2.6100007830002388e-05,0.0,0.0999990299997091,1.1200003360001025e-05,0.0,0.0,0.0,0.0,0.0,0.0,0.0580000174000052,0.0,0.0,0.0,0.0,0.0185047055514116,0.0,0.2980741894222573,0.0,0.0,0.0040083012024903,0.0,0.0,0.0,0.0,0.0,0.0,0.0,0.0,0.0027681008304302,0.00101880030564,0.0,0.00038930011679,1.4900004470001366e-05,0.0,0.0,0.00019130005739,0.0138894041668212,0.0703949211184764,0.0605833181749954,0.0,0.0020993006297901,0.0,0.0,0.0,0.0,0.0,0.0,1.540000462000141e-05,0.0,7.620002286000697e-05,0.0,0.0005530001659,1.1700003510001072e-05,0.0,0.0186263055878916,0.0,0.0,0.0,0.0,0.0,1.7200005160001574e-05,0.0,0.0,0.0,0.0,9.260002778000844e-05,0.0,1.540000462000141e-05,0.00012930003879,2.2900006870002096e-05,0.0,0.0,0.0,0.0,0.0,3.560001068000326e-05,2.3100006930002114e-05,0.0,0.0,0.0,0.0,0.0,0.0,0.0,0.0,0.0,2.5600007680002344e-05,0.0,0.0,0.0,0.0,0.0,0.0,0.0,0.0,0.0,0.0,0.0,0.0,0.0,0.0,0.0,0.0,0.0,0.0,0.0,0.0,0.0,0.0,0.0,0.0,0.0,0.0,0.0,0.0,0.0,0.0,0.0,4.230001269000387e-05,0.0,0.0,0.0,0.0,0.0,0.0,0.0,0.0,0.0,0.0,0.0,0.0,0.0,0.0,0.0,0.0,0.0,0.0017850005355001,0.0,5.760001728000529e-05,0.0271051081315324,0.0,0.0,0.0,0.0,0.0,0.0,0.0,0
SAMD00115034,3.160518008901672e-05,0.0,0.0374466375038869,4.13067701796326e-05,0.0017523872162647,0.0105099225763102,0.0,7.161173716372141e-05,0.0038942382656517,0.0003378553744958,0.0036744022345262,0.0044926363430966,0.000831436272405,1.02016720540497e-05,1.190195072972465e-05,0.0020818412137749,0.0001186194417264,0.0013238169736019,0.0,0.0003077504402971,0.0,0.0004666764882764,0.0013132152359771,0.0,0.0006463059295418,5.290867173129697e-05,0.0,0.0,0.0,0.0,0.0,0.0004157681443988,0.0,0.0003590588497454,0.0,1.02016720540497e-05,0.0,0.00039496473472,0.0,0.0008336366330441,0.0005855959791809,0.0003715608988313,0.0014418363169723,0.0,0.0,0.0002238366868329,3.4905721047679855e-05,7.071158962954055e-05,0.0,0.0,0.0,3.370552433543871e-05,0.5023843407934581,0.0,0.0001991326378393,0.0,0.0001431234579347,0.0,0.0,0.0001921314903512,0.0011024806965861,0.0001971323099856,0.0,0.0,0.0,0.0002266371458282,0.0,0.0,0.0005495900778137,0.0,4.930808159457355e-05,0.0,0.0,3.4305622691559276e-05,0.0,0.0441066290765057,0.0,0.1458864107827278,0.0,0.0244738112576651,0.0042439955908773,0.0047732823409756,0.0025099113744742,0.0096517819270578,0.001704079298597,0.0,0.0013816264485749,0.0,0.0,0.0,0.00869032434416,0.0011967961548897,0.0,0.0229766658755369,0.0,0.0,0.0,0.0,0.0166246247760007,0.0075679403854291,0.0,0.0,0.000444772898278,0.0042965041970378,0.002034233410856,0.0,0.0050981355844222,0.0019451188049721,0.0,0.0005722937989536,0.0002416396047312,0.0,0.0010590735821601,0.0,0.0014491375136384,0.0006722101752477,0.0,0.0038114246925071,0.001460139316834,0.0,0.0,0.0002125348344593,0.0085219967552681,0.0006604082409106,0.0003592588825308,0.0,0.0,0.0,0.0,0.0,0.0,0.0,0.0,0.0,0.0,0.0007868289612667,0.0,0.0,0.0,0.0,0.0,0.0,0.0,0.0,0.0001177192941923,0.0,0.0,0.0,0.0,0.0,0.0,0.0,0.0,0.0,0.0,0.000731819945289,0.0,0.0,0.0,0.0041983881158121,0.0,0.0,0.0,0.0,0.0,0.0,0.0,1.6302672007942163e-05,0.0,0.0,0.0,0.0186574579573592,0.0043301097049806,0.0,1.3802262190773122e-05,0.0,0.0,0.0,0.0,0.0003057501124434,1.7902934290930353e-05,0.0,0.0,0.0,0.0,0.0,0.0,0.0,0.0,0.0,0.0,0.0,0.0,0.0,0.0,0.0,0.0,0.0,0.0002140350803496,0.0,0.0,0.0,0.0,0.0,0.0087049267374922,0.0,0.0,0.0,0.0,0.0,0.0,0.0,0.0,0.003310142532361,0.0,0.0,0.0,0.0009204508618962,0.0,0.0,0.0,1
SAMD00154995,0.0,0.0,0.0071470746247998,0.0,0.0362277127081017,0.0,0.0983844101065727,0.0083104681616401,0.0299907112531847,0.0005410434998973,0.0115347273920823,0.0496867948183035,0.0,0.0,0.0148441934731552,0.004158934378324,0.0049167953103429,0.029411564689801,0.0133292716734425,0.0074033952329767,0.0,0.0,0.0,0.0079491391107845,0.0,6.010483242852739e-05,0.0041966374096477,0.0,0.0050778082557837,0.0,0.0184326819876318,0.0051546144310002,0.0100179054395973,0.0443483656085949,0.0,0.0,0.0004759382654365,0.0006794546281521,0.0017651419174101,0.0,0.0,0.0011973962706601,0.0006200498520081,0.0,0.0061051908573449,0.0007366592274018,3.310266145398097e-05,0.0,0.0018999527562015,0.0,0.0,0.0,0.0,0.0,0.0,0.0,0.0,0.0,0.0,0.0,0.0,0.0,0.0034264754886292,0.0,0.0005243421571094,0.0,0.000138311120214,0.0,0.0,0.0001229098819545,0.0,6.51052344608508e-05,0.0,0.0,0.0,0.3224400241779445,0.0,0.0,0.0,0.0587310219741668,0.0,0.002515102214218,0.0239977294174451,0.0,0.0196557803247381,0.0,0.0,0.0,0.0,0.0,0.0006422516370316,0.0,0.0,0.0,0.0,0.0,0.0,0.0,0.0008077649443015,0.016723444564943,0.0,0.0,0.0,0.0,0.0,0.0,0.0103036284117243,0.0,0.0,0.0,0.0,0.0,0.0019679582238411,0.0,0.0,0.0,0.0,0.0169887658967781,0.0,0.0,0.0,0.0,0.0,0.0,0.0026474128519933,0.0,0.0,0.0037111983803497,0.0,3.770303132371851e-05,0.0,0.0,0.0,0.0,0.0,0.0,0.0,0.0,0.0,0.0,0.0,0.0,0.0,0.0,0.0002389192091044,0.0,0.0,0.0,0.0,0.0007822628939366,0.0,0.0,8.460680238691209e-05,0.0,7.20057892654571e-05,0.0,0.0003946317283909,0.0,0.0,0.0,0.0,0.0,0.0,0.0,0.0,0.0,0.0,0.0,0.0,0.0,0.0,0.0,0.0,0.0,0.0,0.0,0.0,0.0,0.0,0.0,0.0,0.0,0.0,0.0,0.0,7.01056364931742e-05,2.6602138811960543e-05,0.0,0.0,0.0,0.0,0.0,0.0,0.0,0.0727120460485024,0.0,0.0,0.0,0.0,0.0,0.000181314577692,0.0,0.0,0.0,0.0,0.0,0.0,0.0,0.0,0.0,0.0,0.0,0.0,0.0,0.0,0.0,0.0,0.0,0.0,0.0,0.0,1
SAMD00164832,0.3005784757574333,0.0,0.0056189444585066,0.0,0.0019521544154142,0.0147085634473686,0.007947028609963,0.0,0.0681713923571356,3.810301394840344e-05,0.0012323974826408,0.004782478294033,0.0,0.0,0.0003881307011384,0.0029058298511412,0.0001812143340538,0.0035575814046891,0.0,0.0010311815664619,0.0001039082191401,0.0004813380738416,0.0,0.0,0.0003113246257778,0.0,2.090165332077774e-05,0.0,0.0,0.0,0.0,0.0001085085830289,0.0,0.0001295102442603,0.0,0.0,0.0,0.0,0.0,0.0,0.0,0.0,0.0,0.0,0.0,0.0,0.0,0.0,0.0,0.0,0.0,0.0,0.2679194924318521,0.0,0.0,0.0002650209631581,0.0,1.33010521132222e-05,0.0,0.0,0.0,0.0,0.0,0.0,0.0,0.0,0.0,0.0,0.0003664289845326,0.0,0.0,0.0,0.0,0.0,0.0,0.0744460886856152,0.0,0.0,0.0317904146217965,0.0082036489086286,0.0003537279798832,1.470116286198243e-05,0.0013348055831216,0.0167283232103659,0.0009108720499791,0.0,0.0020575627532137,0.0,0.0457767209386263,0.0,0.0016041268864367,0.0,0.0,0.008449368345036,0.0,2.200174033766078e-05,0.0,0.0,0.0,0.0139506034927362,0.0008666685534825,0.0017098352479681,0.0025276999410653,0.000416832971488,1.0800854347578927e-05,0.0009042715278778,0.0005983473292737,0.0,0.0,0.002834524210865,0.0300463766683944,0.0,0.0006371503985965,0.0,0.0020859649998314,0.0,0.0,0.0043413434002629,0.0001988157263239,0.0,0.0,0.0,0.0,0.0,0.0,0.0,0.0,0.0,0.0025891047981895,0.0,0.0,0.0,0.0,0.0,0.0,0.001883548988725,0.0,0.0,0.0,0.0,0.0,0.0,0.0,0.0,0.0,0.0,0.0,0.0,0.0,0.0,0.0,0.0,0.0,0.0,0.0,0.0007647604925549,0.0,0.0,0.0,0.0082728543827816,0.0,0.0109623671232394,0.0,0.0,0.0,0.0,0.0,0.0,0.0,0.0,0.0,0.0228520075938006,0.0,0.0,0.0,0.0005853463008924,0.0,0.0,0.0,0.0,0.0,0.0,0.0,0.0,0.0,0.0,0.0,0.0,0.0,0.0,0.0,0.0,0.0,0.0,0.0046353666575026,0.0,0.0,0.0,0.0,0.0,0.0,0.0032812595476302,0.0,0.0,0.0,3.110246020460228e-05,0.0,0.0,0.0,0.0,4.060321171404672e-05,0.0,0.0,0.0,0.0,0.0,0.0,0.0,0.0,0.0,0.0,1
SAMD00164854,0.0648712629061606,0.0,0.020036837171422,0.0,0.0025945825077237,0.0643010447732239,0.1796547130198746,0.0,0.0274038714431118,0.0022702721946557,0.0047370506382102,0.006750214656826,0.0152732856904849,0.0,0.0033832075860012,0.0024369774958843,0.0011872377541605,0.0656318870940097,6.230198120300247e-05,0.0,0.0,0.0,0.0,0.0171984469106117,0.0006469205720741,0.0010856345231778,0.0017439554577835,0.0,0.0008662275460359,0.0498182842214383,0.0,0.0,0.0019702626543524,0.0,0.0,0.0,0.0,0.0004527143963178,0.000161205126323,0.0,0.0,0.0035493128681492,0.0,0.0,0.0252493029278331,0.0,0.000350111133534,0.0,0.0,0.0,0.0,0.0,0.0321448222053462,6.810216564886787e-05,0.0,0.0,0.0,0.0,8.720277304818323e-05,0.0,0.0001614051326832,0.0001080034345092,0.0,0.0,0.0018734595760145,0.0,0.0,0.0,0.0026213833599908,0.0,0.000191906102614,0.0003163100586598,0.0,0.0,0.0,0.1337210523294645,0.0,0.0,0.0,0.0,0.0,0.0,0.0039302249811544,0.0119110787723049,2.400076322427061e-05,0.0,0.004909856133425,0.0,0.0137615376168962,0.0020898664577533,0.0,0.0329524478878429,0.0,0.0113575611704452,0.0,0.0,0.0,0.0,0.0,0.0,0.0,0.0,0.0160307097765708,0.0771883545896761,0.0,0.0,0.0,0.0024971794103052,0.0,0.0,0.0,0.0193947167519927,0.0010508334165026,0.0018015572895218,0.0002568081664996,0.0001406044712221,0.0,0.0,0.0,0.0,0.0,0.0,0.0,0.0,0.0,0.0,0.0002508079756936,0.0,0.0,0.0,0.0,0.0,0.0,0.0,0.0,0.0,0.0,0.0373613880921414,0.0,2.410076640437174e-05,4.8501542349046866e-05,8.950284619050915e-05,0.0004200133564247,0.0001154036698367,0.000185005883187,0.0,0.0,0.0,2.4300772764574e-05,0.0,0.0,0.0,0.0,0.0,0.0,0.0002002063665624,0.0123516927838305,0.0055129753126149,0.0,0.0001403044616818,0.0,0.0,0.0,0.0,0.0,0.0,0.0,0.0,0.0,0.0,0.0,0.0,0.0,0.0,0.0,0.0,0.0,0.0,0.0,4.8001526448541224e-05,0.0,0.0,0.0,0.0,0.0,0.0,0.0,0.0,0.0,0.0,0.0,0.0,0.0,0.0,0.0,0.0010787343037508,0.0,0.0,0.0,0.0,0.0,0.0,0.0,0.0,0.0,0.0,0.0,0.0,0.0,0.0,0.0,0.0,0.0,0.0,0.0,0.0,0.0,0.0,0.0,0.0,0.0,1
SAMD00164920,0.0828206331282535,0.0036819014727605,0.0936226374490553,0.0820192328076934,0.006848902739561,0.0073816029526411,0.0,0.0,0.0232302092920838,0.006492502597001,0.0008021003208401,0.0108739043495617,0.0,0.0,0.0008660003464001,0.0141888056755222,0.0,0.0,0.0,0.0006448002579201,0.0,0.0006553002621201,0.00060830024332,0.0,0.0013565005426002,0.0028748011499204,0.0004015001606,0.0,0.0,0.0,0.0,0.00047020018808,0.0,0.0023612009444803,0.0,0.0,0.0,0.00032780013112,0.0,0.00042620017048,0.00019830007932,0.0006789002715601,0.00040270016108,0.0,0.0,0.0,0.0,0.0,0.0,0.0,0.0,0.0,0.0,0.0,0.0,0.0029724011889604,0.0,2.840001136000468e-05,0.0,0.0,0.0011085004434001,0.0,0.0,0.0,0.0,0.0014214005685602,0.0,0.0,0.0016717006686802,0.0,0.0,0.0,0.0,0.0,5.120002048000844e-05,0.0120008048003219,0.0,0.0,0.0337403134961255,0.0118232047292818,0.0005745002298,0.0220340088136036,0.0198731079492431,0.0,0.0044233017693207,0.0,0.0053887021554808,0.012876105150442,0.0,0.00051570020628,0.0203503081401232,0.00012620005048,0.0,0.0044696017878407,0.0013501005400402,0.0069488027795211,0.00061730024692,0.0,0.0085835034334013,0.0050942020376808,0.0,0.0069336027734411,9.7200038880016e-05,0.0041578016631206,0.0039167015666806,0.0032526013010405,0.0095780038312015,0.0,0.0793097317238929,0.0166413066565226,0.0,0.00059410023764,0.0023007009202803,6.020002408000992e-05,0.0007563003025201,0.00045740018296,0.0,0.0007470002988001,0.0045650018260007,0.0010024004009601,0.0116120046448018,1.8800007520003096e-05,0.0,1.9800007920003263e-05,0.0004895001958,2.1100008440003475e-05,0.00013330005332,0.0,0.00017930007172,0.0,0.0,1.420000568000234e-05,0.0028868011547204,0.0033549013419605,0.0007933003173201,0.00037970015188,0.0,0.0,0.0,0.0,0.0,0.0,0.0,0.0,0.0,0.0,0.0,0.0,0.0,0.0,0.0,0.0,0.0,0.0,0.0,0.0,0.0,0.0,0.0,0.0115184046073618,0.0,0.0,0.0008543003417201,0.0,0.0,0.0,0.0,0.0,0.00055880022352,0.0,0.0,0.0,0.0,0.0,0.0,0.0004410001764,0.0,0.0033960013584005,0.00026380010552,0.0,0.0,0.0,0.0,0.0,0.0,0.0,0.0,0.00022680009072,0.0,0.0,0.0184232073692829,0.0002070000828,0.0,0.0,0.0,0.0,0.0,0.0165338066135226,0.0,0.00033390013356,0.0,0.0,0.0,0.0,0.0088620035448014,0.0011739004695601,0.0,0.0,0.0,0.0006900002760001,0.0009413003765201,0.0,0.0,0.0,0.0,0.0,0.0,0.0,0.0,0.0,0.0,0
SAMD00164951,0.0,0.0415186404528518,0.0790742484088371,0.0,0.0051494422254262,0.0,0.0030524250298852,0.0,0.1172212612143422,0.0,0.0010684087609518,0.010604186954333,0.0,0.0,0.0002702022156581,0.0060643497276677,0.0,0.0001235010127083,0.0,0.0018292149995629,0.0,0.001146109398097,0.0002803022984788,0.0005564045625174,0.0006577053931842,0.0004695038499315,0.0,0.0,0.0,0.0,0.0,1.6000131201075892e-05,0.0,0.0001210009922081,0.0,0.0,0.0,0.0001385011357093,0.0,0.0,0.0,0.0004963040696933,0.0033066271143423,0.0,0.0,0.0,0.0,0.0,0.0,0.0,0.0,0.0,0.0,0.0001094008970873,2.870023534192988e-05,0.0,0.0,0.0,0.0,0.0,0.0006368052218028,1.090008938073295e-05,0.0,0.0,0.0,0.0,0.0,0.0,0.0,0.0,0.0,0.0,8.680071176583671e-05,0.0,0.0,0.2514268617002665,0.0,0.0,0.0,0.0,0.0,0.0222671825908972,0.0,0.2968070338176781,0.0316371594247072,0.0,0.0,0.0,0.0,0.0,0.0,0.0,0.0,0.0200845646934304,0.0,0.0054180444279643,0.0,0.0,0.0,0.0013850113570931,0.0,0.00490784024429,0.0183370503638129,0.0048200395243241,0.0023045188970549,0.0026129214259556,0.0008102066436944,0.0,0.0,0.0022925187986541,0.0,0.0,0.0021708178007059,0.0,0.0,0.0,0.0005286043345555,0.0009192075375018,0.0047530389749195,2.890023698194333e-05,0.0,0.0001092008954473,6.820055924458599e-05,0.0004730038786318,0.0,0.0045046369380228,0.0,0.0,0.0013762112849325,0.0,0.0,0.0,0.0,0.0,0.006008749271744,0.0005621046092577,0.0,0.0,0.0,0.000164001344811,2.0300166461365036e-05,0.0001232010102482,0.0002064016924938,2.6600218121788663e-05,0.0,0.0,0.0,0.0,0.0,0.0,0.0,0.0,0.0,0.0,0.0,0.0,0.0,2.420019844162728e-05,0.0,0.0,0.0,0.0,0.0,0.0,0.0123205010281084,0.0,0.0,0.0,0.0,0.0,0.0,0.0,0.0,0.0,0.0,0.0,0.0,0.0,0.0,0.0,0.0,0.0,0.0,0.0,0.0,0.0,0.0,0.0,0.0,0.0,0.0061395503443128,0.0,0.0,0.0,0.0,1.740014268117003e-05,0.0,0.0,0.0,0.0,0.0,0.0,9.38007691663074e-05,0.0132338085172298,0.0,0.000863207078298,0.0,0.0,0.0,0.0,0.0007138058532079,0.0,0.0,0.0,0.0,0.0,0.0,0.0,0.0,0.0,0.0,0
SAMD00164960,0.0,0.10622206376559,0.0864406939040015,0.0,0.007891720500907,0.0232851221026394,0.0172196543044484,0.0123078988430465,0.0709342519016297,0.005341208948078,0.0068719560370876,0.0,0.0031969425872806,0.0,0.0523461084991777,0.0080178655851601,0.0051895547468665,0.0082193375912551,0.0045183148457258,0.0,0.0037567426598266,0.0025474104444928,0.0,0.0011053950681973,0.0027328767301433,0.0001250446909725,0.0005507968547959,5.8821022633489367e-05,0.0009825511637859,0.0,0.0001387495891031,0.0005384924572042,0.0001947696106588,0.0062172220351553,0.0,0.0168115084331139,0.000651232750585,0.0,0.0,0.0,0.0,0.0076047179261868,0.0,0.0,0.0,0.0,0.0003708325355482,0.0005365917779014,0.0010556772990666,0.0,0.0,3.581279949453944e-05,0.0,0.0,0.0,0.0,0.000936534717508,0.0,0.0,0.0006159201298544,0.0040993651130914,0.0002942051489202,0.0,0.0,7.552699334742258e-05,0.0,3.481244196675902e-05,0.0,9.963560976693098e-05,5.3319056230696994e-05,0.0,0.0,0.0001869668219421,0.0,0.0,0.0972755662873913,0.0,0.0,0.0,0.0383651116909184,0.0,0.0,0.0,0.0158053488316724,0.0,0.0,0.0,0.08463764949593,0.0,0.0,0.0,0.0270395639401522,0.0,0.0388190739370252,0.0,0.001641886810346,0.0,0.0,0.0310992148593907,0.0109224036670706,0.0105586736699696,0.0,0.0,0.0389702279594728,0.0,0.0,0.0053422093056058,0.0,0.0,0.0,0.0,0.0,0.0035339630383899,0.0,0.0023411367222645,0.0011727191298169,0.0,0.0,0.0,0.0,0.0,0.0023267315738644,0.0058651962211294,0.0008399001803244,0.0,0.0,0.0,0.0207635208823633,0.0,0.0,0.0,0.0,0.0,0.0,0.0,0.0,0.0,0.0,0.0,2.3908544913952315e-05,0.0,0.0,0.0,0.0,1.8106471252825807e-05,0.0,0.0,0.0,0.0,0.0,0.0,0.0,0.0004851734009735,0.0,0.0,0.0,0.0058383866393849,0.0042615230683446,0.0,0.0,0.0,0.0,6.762416887795717e-05,0.0,0.0,0.0,0.0,0.0,0.0,0.0002726974620729,0.0006220223107738,0.0,0.0,0.0,0.0,0.0,0.0,0.0,0.0,0.0,0.0,0.0,0.0,0.0,0.0,0.0,0.0,0.0,0.0,0.0,0.0,0.0,0.0,0.0,0.0,0.0004400572764706,0.0,0.0422684067285648,0.0,0.0,0.0,0.0374992022148715,0.0,0.0,0.0,0.0,0.0,0.0,0.0,0.0,0.0,0.0,0.0,0.0,0.0,0.0,0.0,0.0,0.0,0.0,0.0,0
SAMD00164963,0.0,0.0,0.1741158174115819,0.0,0.00145120014512,0.094721909472191,0.0,0.0,0.0344813034481303,0.0,0.00087010008701,0.0,0.0,0.00013040001304,0.00174520017452,0.00063140006314,0.00012740001274,0.00122750012275,0.0,0.0,0.0,0.0,0.0,0.0,0.0,0.0,0.0,0.0,0.0,0.0,0.0,0.0,0.0,0.00237780023778,0.0,0.0,0.0,0.0,0.0,0.0,0.0,0.0,0.0,0.0,0.00079510007951,0.0,0.0,0.0,0.0,0.0,0.0,0.0,0.0,0.0,0.0,0.0,9.330000933000102e-05,0.0,0.0,0.0,0.0,0.0,0.0,0.0,0.0,0.0003650000365,0.0,0.0,0.0117422011742201,0.0,0.0,0.0,0.0,0.0,0.0,0.2785919278591931,0.0,0.0,0.0,0.0,0.0,0.0,0.0836276083627609,0.0,0.0,0.0,0.0,0.0125144012514401,0.0,0.0,0.0,0.0765561076556108,0.0,0.0086720008672,0.00521840052184,0.0,0.0,0.0,0.0790134079013408,0.0,0.0,0.0,0.00682290068229,0.00110360011036,0.0,0.0123288012328801,0.00369370036937,0.0,0.0,0.0169747016974701,0.0,0.0,0.0,0.0,0.0,0.0,0.00393860039386,0.0,0.0,0.0,0.0,0.0,0.00337910033791,0.0,0.0321789032178903,0.0118009011800901,0.0,0.0,0.0,0.0,0.0,0.0,0.0,0.0,0.0,0.0,0.0,0.0,0.00079160007916,0.0,0.0,0.0,0.0,0.0,0.0,0.0,0.0,0.0,0.0,0.0,0.0,0.0,0.0,0.0,0.0,0.0,0.00235940023594,0.0,0.0,0.0,0.0,0.0,0.0,0.0,0.0,0.0,0.0,0.0,0.00142250014225,0.0,0.0,0.0,0.0,0.0,0.0,0.0,0.0,0.0,0.0,0.0,0.0,0.0,0.0,0.0,0.0,0.0,0.0,0.0,0.0,0.0,0.0,0.0,0.0,0.0,0.0,0.0,0.0,0.0,0.0,0.0,0.0,0.0,0.0,0.0,0.0,0.0,0.00367970036797,0.0,0.0,0.0,0.0,0.0,0.0,0.0,0.0,0.0,0.0,0.0,0.0,0.0,0.0,0
SAMD00164967,0.0,0.0,0.0089531736915696,0.0199262865699595,0.0048504940995855,0.0036274703729252,0.0,0.0,0.0045271878274438,0.0,0.0001201023299852,0.0033764655034307,0.0,0.0007195139585707,7.050136772653426e-05,0.0004495087204691,0.0,0.0,0.0,0.0001228023823662,0.0,0.0016057311511843,0.0001245024153468,0.0,0.0004249082432199,0.0002560049664963,0.0,0.0,0.0,0.0,0.0,5.360103986017357e-05,0.0,0.0,0.0,0.0005569108040695,0.0,0.0011069214742766,0.0,0.0001996038723151,0.0022916444579024,0.0,0.0,0.0,0.0,0.0,0.0,0.0,0.0,0.0,0.0,0.000101101961378,0.4655476316240559,0.0017306335742913,0.000730914179735,0.0,0.0,0.0,0.0,0.0,9.45018333355672e-05,0.0017156332832856,0.0,0.0,0.0,0.0010558204829173,0.0,0.0,0.0002033039440965,0.0,0.0,0.0,0.0,0.0006131118943707,0.0,0.0191614717325517,0.0,0.1055941485264819,0.0012969251603481,0.0063247226996203,0.0001877036414506,0.0004322083848426,0.0061079184936187,0.0024717479519102,0.0007271141060136,0.0,0.0003205062178206,0.0123902403706631,0.0003879075254059,0.0,0.0021166410628366,0.0005780112134175,0.0,0.0080469561109485,0.0029410570565068,0.0,4.680090793761424e-05,0.0,0.0007239140439324,0.0014354278473002,0.0,0.0016245315159114,0.0006449125113027,0.0034162662755657,0.0056141089137129,0.0026167507649648,0.0033684653482277,0.0001870036278703,0.0135707632728074,0.0003756072867813,0.0,0.0,0.0003320064409249,0.0,0.0027645536323404,0.0040497785657041,5.920114850228126e-05,0.0013174255580558,0.000188703660851,0.0027621535857795,0.0007905153359975,0.0,0.0005559107846692,0.0,0.0019008368762353,0.0,0.0,0.0,0.0,8.400162963161529e-05,0.0,0.0,0.0,0.0005810112716186,0.0,0.0001798034881876,0.0030757596697375,0.0,0.0,0.0,0.0,0.0,0.0,0.0,0.0,0.0,0.0,0.0009336181121913,0.0,0.0,0.0,0.0,0.0,0.0009568185622801,0.0,0.0008368162342349,0.0,0.0,0.0044063854838783,0.0010746208476444,0.0,0.0,0.0,0.0,0.0500760714757868,0.0,0.0,0.0,0.0,0.0,0.0,0.0,0.0,0.0,0.0011621225451773,0.0004442086176471,0.0,0.0,0.0,6.380123774401257e-05,0.0,0.0,0.0,6.510126296450186e-05,0.0,0.0,0.0,0.006199020260993,0.0,0.0,0.0278467402267604,0.0,0.0,0.0,0.0,0.0,0.0067421307973374,0.0006588127809679,0.0,0.0,0.0,0.0,0.0,0.0,0.0,0.0,0.0,0.0,3.2400628572194465e-05,4.8600942858291695e-05,0.0,0.0,0.0,0.0,0.0,0.0,0.0,0.0002009038975356,0.0,0.0,0.0,0
SAMD00164971,0.0,0.1422536321146522,0.037681370728399,0.0009264164902135,0.0,0.0087948565484465,0.0262358669984326,0.0053733956464425,0.0328171841458778,0.0054228965275581,0.0008224146389805,0.0120343142107929,0.0,0.0,0.0024544436890976,0.024109829154959,0.0002105037469666,0.0018253324909183,0.000587310454126,0.0,0.0,0.0010757191478008,0.0,0.0200163562911419,0.0003225057406021,4.460079389413151e-05,0.0004575081436449,0.0,0.0003922069812842,0.0,0.0,0.0009322165934553,0.0002719048399061,0.2003590663913825,0.0,0.0,8.830157176797782e-05,0.0010468186333716,0.0,0.0007990142224531,0.00056831011592,0.0015717279767579,0.0044840798166207,0.0020347362183046,0.0,0.0,0.0002878051229311,0.013622242475916,0.0003849068513419,0.0,0.0,0.0,0.0,0.0001259022410598,4.8000854415208785e-05,0.0,1.60002848050696e-05,0.0013420238880252,0.0,0.0,0.0,4.120073337305422e-05,0.0,0.0,0.0,0.0002894051514116,0.0,0.0,0.0024708439810228,0.0003643064846554,0.0,0.0,0.0,4.330077075371959e-05,0.0,0.0168260995045711,0.0,0.0,0.0,0.0,0.0,0.0,0.0002744048844069,0.0102530825048685,0.0200404567201296,0.0,0.0,0.0,0.0,0.0,0.0,0.0296107270709419,0.0,0.0,0.0052500934516634,0.0006113108813336,0.0,0.0,0.0014911265420524,0.0,0.0,0.0,0.0144898579194709,0.0049140874707569,0.000271704836346,0.0152158708425009,0.0108868937867094,0.0007184127877476,0.1570155948775894,0.0252780499492891,0.0111072977098992,0.0,0.0020180359210393,0.0,0.0042088749179735,0.0051869923284634,0.0,0.0022176394739826,0.0045875816589535,0.0015155269763801,0.0,0.0,0.0,0.0,0.0,0.0105487877684222,0.0,0.0480722556861514,0.0013181234625976,0.0,0.0171418051241312,0.0,0.0,0.0,0.0,0.0,0.0,0.0,0.0,7.45013261236053e-05,0.0,0.0,0.0001659029530725,0.0,0.0,0.0,0.0,0.0,0.0,0.0002019035938839,0.0,0.0,0.0,0.0,0.0,0.0,0.0,0.0047320842310993,0.0,0.0,0.0,0.0,0.001928634329691,0.0,0.0,0.0,0.0,0.0,0.003736966518004,0.0,0.0,0.0,0.0,0.0,3.520062657115312e-05,0.0,0.0011790209865735,0.0,0.0020671367950349,0.0,0.0,0.0,0.0,0.0,0.0,0.0,0.0,0.0,0.0,2.2400398727097433e-05,0.0,1.5600277684942856e-05,0.0,0.0,0.0,0.0001711030456342,0.0,0.0,0.0,0.0,0.0001915034087606,0.0,0.0,0.0,0.0,0.0,0.0,0.0,0.0,0.0,0.0,0.0,0.0,0.0,0.0,0.0,0.0,0.0,0.0,0.0,0.0,1
SAMD00164986,0.0,0.0541259999999999,0.1150121999999999,0.0085121999999999,0.0385042999999999,0.0155061999999999,0.0,0.0,0.0686642999999999,0.0056996999999999,0.0015737999999999,0.0,0.0006065999999999,0.0007189999999999,0.0019720999999999,0.0059166999999999,1.11e-05,0.0001915999999999,0.0002869999999999,0.0014352999999999,0.0,0.0406313999999999,0.0004018999999999,0.0,0.0084177999999999,0.0039987999999999,0.0,0.0,0.0,0.0,0.0,0.0001193999999999,0.0,0.0,0.0,0.0,0.0,0.0009492999999999,8.120000000000001e-05,0.0,0.0,1.73e-05,7.479999999999999e-05,0.0,0.0,0.0,0.0001525999999999,0.0,6.68e-05,0.0,0.0,6.84e-05,0.0024699999999999,0.0002398999999999,0.0083680999999999,0.0,0.0,0.0,9.649999999999996e-05,0.0,0.0088880999999999,0.0199119999999999,0.0,0.0,6.62e-05,0.0003405999999999,0.0,0.0,0.0,0.0,0.0001824999999999,6.68e-05,0.0,0.0004855999999999,0.0012661999999999,0.0103560999999999,0.0,0.0,0.0,0.1793551999999999,0.0,0.0339516999999999,0.0132904999999999,0.0,0.0018212999999999,0.0,8.37e-05,0.0321832999999999,0.0169858999999999,0.0,0.0525528999999999,0.0278626999999999,0.0,0.0,0.0,0.0,0.0,0.0,0.0309842999999999,0.0062069999999999,0.0,0.0060335999999999,0.0,0.0089501999999999,0.0020454999999999,0.0,0.0016156999999999,0.0,0.0,0.0111846999999999,0.0,0.0,5.61e-05,0.0,0.0,0.0015317999999999,0.0,0.0008476999999999,0.0004402999999999,0.0,0.0003217999999999,0.0003852999999999,0.0061421999999999,0.0012142999999999,0.0,0.0,6.549999999999999e-05,0.0,0.0,0.0,0.0,0.0,0.0,0.0,0.0106627999999999,0.0001820999999999,0.0,0.0,0.0,1.9e-05,0.0004881999999999,0.0,7.12e-05,5.1e-05,0.0,0.0,0.0,0.0,3.0699999999999994e-05,0.0,0.0,0.0,0.0,0.0,0.0,0.0,0.0,0.0,0.0667084999999999,0.0,0.0001054999999999,0.0,0.0,0.0,0.0,4.799999999999999e-05,0.0,0.0,0.0,0.0,0.0,0.0,0.0145934999999999,0.0,0.0,0.0,0.0,0.0,0.0,0.0,0.0,0.0,0.0001473999999999,0.0,0.0,0.0,0.0,0.0,0.0,0.0,0.0,0.0001659999999999,0.0,0.0,0.0,0.0,0.0,0.0,0.0,0.0,0.0,0.0067659999999999,0.0001159999999999,0.0004066999999999,0.0070663999999999,0.0,0.0,0.0,0.0,0.0,0.0,0.0,0.0,0.0,0.0,0.0,0.0,0.0,0.0,0.0,0.0,0
SAMD00164999,0.0,0.0049908999999999,0.0550648000000002,0.0978016000000005,0.0080759999999999,0.0126282,0.0023746999999999,0.0012475,0.0925233000000004,0.0104651999999999,0.0014222999999999,0.0,0.0,0.0,0.0036659999999999,0.0041658999999999,0.0002511,0.0015004999999999,0.0001815999999999,0.0015251,8.070000000000048e-05,0.0006401999999999,0.0015230999999999,0.0005041999999999,0.0001787999999999,0.0013218999999999,0.0,0.0,0.0,0.0048990999999999,0.0001093999999999,0.0006159,7.570000000000046e-05,0.0004641999999999,0.0020308999999999,0.0037512999999999,9.82000000000006e-05,0.0016965999999999,0.0001972,0.0,8.490000000000049e-05,0.0011371999999999,0.0,0.0,0.0,7.500000000000044e-05,0.0001501,0.0,6.010000000000035e-05,0.0,0.0,0.0,0.0,0.0,0.001298,0.0,0.0002112999999999,7.090000000000042e-05,0.0,0.0006333999999999,0.0005204999999999,0.0,0.0,0.0,0.0,0.0037859999999999,8.250000000000049e-05,0.0,0.0,0.0,0.0,4.100000000000025e-05,0.0,0.0,0.0006189999999999,0.0640211000000003,0.0,0.0,0.0,0.0791210000000003,0.0,0.0,0.0615195000000002,0.0,0.0060374999999999,0.0,0.0,0.0061774999999999,0.0,0.0032107,0.0281493,0.0,0.0,0.0104673999999999,0.0,0.0070981999999999,0.0,0.0012760999999999,0.0,0.0,0.0,0.0,0.0,0.0076465999999999,0.0189983,0.0,0.0071431999999999,0.0,0.0184548,0.0150121999999999,0.0191068,0.0085177,0.0003257999999999,0.0003506999999999,0.0341754000000001,0.0081091,0.0,0.0039367999999999,0.0004881999999999,0.0003053,0.0,0.0006596,0.0019397999999999,0.0016804999999999,0.0102890999999999,0.0020129999999999,0.0003371999999999,0.0,0.0,0.0,0.0016770999999999,0.0003672999999999,0.0,0.0,0.0,0.0,0.0,0.0,0.0,0.0,4.640000000000029e-05,0.0,0.0001139999999999,0.0,0.0,0.0,0.0,0.0,0.0,1.2800000000000076e-05,0.0,0.0,0.0,0.0,0.0,0.0,0.0,0.0,0.1426767000000008,0.0189851,0.0,0.0,0.0,0.0,0.0,0.0,0.0,0.0,0.0,0.0,0.0,0.0,0.0013045999999999,0.0,0.0,0.0,0.0,0.0,0.0,0.0,0.0,0.0,0.0,0.0,0.0,0.0,0.0,0.0,0.0,0.0,0.0,4.840000000000029e-05,0.0,0.0,0.0,0.0,0.0,0.0730124000000003,0.0,0.0068618999999999,3.40000000000002e-05,0.0,0.0,0.0003325999999999,0.0,0.0,0.0,0.0,0.0,0.0,0.0,0.0,0.0,0.0,0.0,0.0,0.0,0.0,0.0,0.0,0.0,0
SAMD00165011,0.0166097599979038,0.0052522616738011,0.0660622068679839,0.0314572650936018,0.0019871746726537,0.0119970545410941,0.0,0.0062437488255217,0.0243252381884368,0.0008897782115047,0.0060481316307703,0.0227229973514671,0.0011435005136951,0.0,0.000578150819457,0.0054738811541534,0.0,0.0,4.050356026294728e-05,0.002759242537419,0.0,0.0005317467405384,0.0095789419890008,0.0,6.450567004839752e-05,0.0,5.180455362026343e-05,0.0,0.0,0.0,0.0,0.0008708765500487,0.0,0.0224705751635568,0.0,0.0054648803629839,0.0,0.0004764418792411,0.0,0.000564949659075,0.0022813005263162,6.500571400226106e-05,0.0044871944243899,0.0,0.0,5.660497557735348e-05,0.0001730152080367,9.54083863971647e-05,0.0,0.0,0.0,0.0,0.1360616598198986,5.850514260203496e-05,0.0,0.0019824742594874,0.0,0.0002991262932011,0.0,0.000603653061104,0.0013982229037932,0.0,0.0,0.0,2.9402584487176544e-05,0.0,0.0,0.0,0.0004205369651992,0.0,0.0,0.0,0.0,0.0,0.0,0.0,0.0,0.0,0.0045452995318288,0.136726318243374,0.0003718326840929,0.019496513743558,0.0026282310215067,0.0277891426656404,0.0060287299253604,0.0,0.0102212984521339,0.0056188939007738,0.0,0.03151787042081,0.017733858806189,0.0002911255899393,0.0,0.0011447006191844,0.0115833181736674,0.000246821695627,0.0006395562169914,0.0,7.780683922116785e-05,0.0148044013068748,0.0,0.0104471183016987,0.0066166816063131,0.0061858437356643,0.0033583952029383,0.0027206391441807,0.0106714380194019,0.000755466405497,0.0176048474660922,0.0058584149546745,0.0016672465509718,0.0001339117708446,0.0287484269867322,0.003600516485399,0.000814871627216,0.0050292420703779,0.0,0.0114331049699268,0.0319019041773772,0.0015108328022033,0.0025946280678071,0.0007931697196183,0.0012812126185891,0.0005389473734741,0.0008265726557364,0.0,0.0,0.0013067148602362,0.0,0.0,8.150716447975809e-05,0.0,0.0,0.0,0.0,0.0,0.0,0.0,0.0,0.0002058180914102,0.0,7.110625023939634e-05,3.300290095499408e-05,0.0,0.0,0.0,0.0,0.0,0.0,0.0,0.0,0.0,0.0,0.0,0.0,0.0196117238705282,0.0001315115598661,8.120713810743998e-05,0.0,0.0003389297919287,0.0,0.0,9.670850067720992e-05,0.0,0.0155304651278847,0.0,0.0,0.0,0.0,0.0,0.0,0.0,0.0001772155772492,0.0052043574630209,0.0,0.0,0.0,0.0,0.0,0.0003233284205681,0.0,0.0,0.0,0.0,0.0,0.0,0.0,0.0,0.0,0.0,0.0,0.0,0.0,0.0,0.0021290871467602,0.0,0.0,0.0121296661976587,0.0,0.0,0.0,0.0194768120117758,0.0,0.0,0.0193696025880674,0.0089096831611498,0.0,0.0,0.0,0.0,0.0,0.0,0.0,0.0,0.0,0.0,0.0,0.0050288420352148,0.0,0.0,0.0,1
SZAXPI003410-3,0.0,0.0745281984529577,0.051532437194164,0.0931323629271606,0.0720219871945442,0.0034056382900822,0.006477155093592,0.00397254441715,0.1455688288261616,0.0007527737085204,0.0037741722890442,0.0001517551781827,0.0,0.003442851820922,0.0008483084449505,0.0017122225641243,0.0006177246046662,0.0043526826354062,0.0037718714524601,0.0010045652599285,0.0,0.0007740814560174,0.000744170580423,0.000627828278362,0.0006522371534289,0.0024989086031681,0.0,0.0001821662356432,0.0,0.0,0.0003749363268484,0.0115971167116363,0.0,3.9714440170446126e-05,0.0,0.0,0.0002178792208847,0.0002487904602113,5.85212783368035e-05,0.0,0.0,0.0003941433105077,0.0005664059452016,0.0,0.0,0.0004360585508891,0.0001819661628968,0.0,0.002264023198835,0.0023694615362145,0.0,0.0,0.0,0.0,0.0028603400196311,0.0,0.0,0.0008245998244961,0.0,0.0006572389720902,0.0073812838348023,0.0,0.0,0.0,0.0,0.0027087849141948,0.0,0.0017705437697146,0.0023783647734316,0.0,0.0,1.9407056405709197e-05,0.0,0.0,0.0003422244328037,0.0007970898218592,0.0,0.0,0.0,0.0,0.0,0.0,0.0506356111081991,0.0462946327284601,0.0019209984750455,0.0,0.0,0.0,0.0,6.202255139968917e-05,0.0,0.0,0.0,0.0,0.0,0.0029840850133108,0.0,0.0,0.0001390505587831,0.0041011911931178,0.0,0.0052212984641215,3.6913421720137595e-05,0.0151102941029358,0.0015254546553126,0.0,0.0005987176937534,0.0,0.0,0.0,0.0,0.0052053926807787,0.0029450708277529,7.462713442607761e-05,0.0004976809567958,0.0219458795217941,0.0,0.0016756092515238,0.0012666605577788,0.0,0.0,0.0,0.0319875306661503,0.0,0.0046142777513904,0.0,6.372316974451937e-05,0.1096260600354292,0.0,0.0,0.0,0.0,0.0,0.0,0.0,0.0,0.0,0.0001519552509292,0.0,0.0,3.061113020694337e-05,0.0,0.0001001364095985,0.0,1.3204801265740275e-05,0.0,0.0,0.0044269096243394,0.0,7.452709805285232e-05,0.0,0.0007801836747841,0.0,0.0066448160551176,0.0053101307635456,0.0,0.000940441944691,0.0004836758645443,0.0,0.0,0.0,0.0,0.0,0.0,0.0002025736557812,0.0,0.0,0.0,0.0,0.0,0.0001318479399109,0.0,0.0,0.0,0.0,0.0,0.0,0.0073443704130821,0.0004627682625402,0.0,0.0,0.0014329210100792,0.0,0.0,0.0040078572568986,0.0008451072810073,0.0004345580052907,0.0005187886315464,3.201163943209764e-05,0.0,4.951800474652604e-05,7.532738903865476e-05,0.0,0.0,0.0,0.0001841669631077,0.0467209877511464,0.0,0.0022856310554517,0.0,0.0,0.0,0.0,0.0,0.0,0.0,0.0,0.0,0.0,0.0,0.0,0.0001769643442355,0.0,3.771371270594003e-05,0.0,0.0003201163943209,0.0,0.0,0.0002213804939475,0.0,0.0,1
SZAXPI003426-11,0.0,0.0,0.0086691201472088,0.0,0.014003340200412,0.010775846550793,0.0102491149468968,0.0,0.128549612976779,0.0005681340880452,0.0005048302898173,0.0039353361201672,0.0014758885533131,0.3195658739524381,0.0003410204612276,0.0009121547292837,0.0003387203232193,0.000474728483709,0.0011003660219613,0.0002016120967258,0.0,8.370502230133837e-05,0.0001432085925155,0.0005102306138368,0.0,0.0,0.0009326559593575,0.0,0.0,0.0,0.0001347080824849,0.0056150369022141,0.0,0.0005845350721043,0.0,0.0,0.0,0.0016143968638118,0.0,0.0,0.0,0.0,0.0,0.0,0.0016420985259115,0.0002155129307758,0.0002088125287517,0.0,0.0006953417205032,0.0,0.0004978298697921,0.0,0.0,0.0,0.0,0.0,1.860111606696408e-05,0.0004296257775466,0.0,0.0,3.6002160129607896e-05,0.0,0.0,0.0,0.0,0.0001504090245414,0.0,0.0001588095285717,0.0044272656359381,0.0,0.0,0.0,0.0,0.0,0.0,0.2408029481768914,0.0,0.0,0.0,0.0,0.0,0.0050981058863531,0.0,0.0063956837410244,0.002590855451327,0.0,0.0092973578414704,0.0006423385403124,0.0102068124087445,0.0,0.000570834250055,0.0116793007580454,0.0,0.0025720543232593,0.0002126127567654,0.001158069484169,0.0,0.0,0.0,0.0015787947276836,0.0,0.0010520631237874,0.0034037042222533,0.0132005920355221,0.0004412264735884,0.0,0.0005416324979498,0.0,0.0,0.0,0.0023321399283957,0.0007102426145568,0.0001330079804788,0.0,0.0230100806048362,0.0060966657999479,0.0,0.0006751405084305,0.0001224073444406,0.0005444326659599,0.0,0.0,0.001786407184431,1.7901074064443926e-05,0.0096423785427125,0.0,0.0,0.0006117367042022,0.0,0.0,0.0,0.0,0.0,0.0002903174190451,0.0,0.0,0.0,0.0,0.0002596155769346,0.0,0.0,0.0,5.720343220593255e-05,0.0,2.0901254075244583e-05,0.0,0.0,0.0049840990459427,0.0,0.0,0.0,0.0,0.0,0.0094201652099125,0.0001951117067024,0.0,0.0,0.0,0.0,0.0,0.0,0.0,0.0,0.0,0.0322160329619778,0.0,0.0,0.0,0.0,0.0,0.0,0.0,0.0,0.0,0.0,0.0,0.0,0.0,0.0,0.0,4.810288617317055e-05,3.700222013320812e-05,0.0,0.0,0.0,0.0016909014540872,0.0,0.0,0.0,0.0,0.0,0.0,0.0,6.70040202412147e-05,0.0,0.0,0.0616649998999942,0.0,0.0,0.0,0.0,0.0,0.0,0.0,0.0053580214812888,0.0,0.0,6.970418225093529e-05,2.4701482088925413e-05,0.0,0.0,0.0,0.0,0.0,0.0,0.0002408144488669,0.0,0.0,0.0001020061203672,0.0,0.0,1
SZAXPI003436-7,0.0,0.0056079469209405,0.0082420159694128,0.0263900498689974,0.0115633118204511,0.0094742985285597,1.0312406856689336e-05,3.504215922175987e-05,0.1290350420591019,0.0106045583441438,3.193842511926114e-05,0.0127563471612697,0.0,0.0108204180449498,0.0013543293936935,0.0005258326292362,0.0005194249201213,0.0037669319958842,0.0017510066360838,0.0007509034118948,0.0,0.0015119189897365,0.0001778139279367,0.0089591787879998,0.0,4.2350952430869794e-05,0.0,0.0,0.0,0.0002512022213925,0.0002855435374298,0.0154132436734635,0.0,0.0025415577481267,0.0,0.0015681866854012,0.0011021259677518,0.001604330169627,3.464167740208262e-05,0.0,0.0006208469409546,0.0019476432095454,0.0065455749812599,0.0001515823687478,0.0,0.0004635577062764,0.0014140011848254,0.0270300198168417,0.0003556278558734,0.0001789152529408,0.0011719099248305,0.0,0.0,0.0,0.0,0.0,0.0002376859599784,0.0025073165525443,0.0,0.0250278109593653,0.0021204511147361,0.0,0.0,0.0006296575409875,0.0,7.008431844351974e-05,8.790575941915762e-05,0.000337506053533,0.0006780157207135,0.0,0.0,0.0,6.998419798860042e-05,0.0,0.0,0.0102945854157136,0.0,0.0,0.0,0.0011183454814487,0.0028707538039014,0.0561205185959229,0.0003327002716968,0.0,0.0018442187796137,0.0,0.0020329458371366,0.0108498534586961,1.0112165946850709e-05,0.0044169139892204,0.355723470907851,2.603131827902162e-05,0.0,0.0022154654264545,0.0103562596159439,0.0027428999829695,0.0,0.0,0.0002043458484903,0.0007414920891324,0.0,0.0023463228610341,0.0059404469517276,0.0069951158238476,0.0003446146058322,0.0,0.0004957964927604,0.0,0.0012263754523066,0.0057844592829633,0.0,1.5618790967412975e-05,0.0049367393911615,0.0086656256141764,0.0002389875258924,0.041857959310847,0.0,0.0023272999745994,0.0004027845901403,0.0004023841083207,0.0067868652776154,0.0009759741945534,0.0115252660475818,0.0038831718440455,0.0003435132808281,0.0026353706143861,0.0,0.0045209391418815,0.0,0.0,0.0,0.000576894061245,0.0049096067478783,0.0002075497030477,0.0,0.000338707498992,0.0,0.0,3.464167740208262e-05,0.0,0.0,0.0,0.0001133363549686,0.0,0.0,0.0,0.0,0.0,0.0,1.22146955001563e-05,0.0,1.22146955001563e-05,0.0,0.0,0.0001752107961087,0.0,0.0020395537871613,0.0011484817383794,0.0,0.0,3.153794329958389e-05,0.0,0.0039714780852844,0.0002010418734779,0.0139292582906494,0.0,0.0,0.0007781361756329,0.0003258920807623,0.0001766124824776,3.243902739385771e-05,0.0,0.0,0.0,0.0,0.0,0.0003704456832014,0.0,0.0,0.0,0.0,0.0,0.0,0.0,0.0,0.0,0.0006108348954627,0.0010431550198043,8.790575941915762e-05,7.579118437392065e-05,0.0013241931367628,0.0,0.0,0.0,0.0,0.0,0.0,0.0,0.0,0.0272062318174997,0.0,0.0,0.0,1.121349095096316e-05,0.0115171562907333,0.0002450948736424,0.0,0.0,0.0027510097398179,0.0,4.0248422877564195e-05,3.974782060296763e-05,0.0,0.0,0.0,3.624360468079163e-05,0.0,0.0,0.0,0.0,0.0,1
SZAXPI015212-113,0.00873479436257,0.0,0.1191434151330903,0.0203243849317721,0.0002069069727649,0.0007531253803253,0.0035206186448483,0.0031415058687477,0.000455315344127,0.0304505261827324,0.0067558276713925,0.0,0.0,0.002686490534731,0.0265919961502703,0.0363973265899061,0.0,0.0008827297479925,0.0056843915639957,0.004812062166495,0.0,0.0224185555053205,0.0038512297864438,0.0007077238502937,0.0112800801387006,0.0061897085931795,9.640324878948458e-05,0.0004008135074151,0.0,4.010135141554286e-05,0.0,0.0005822196208012,0.0,7.54025410656342e-05,0.0,0.0,1.8400620100897473e-05,1.1600390933174491e-05,6.710226134620762e-05,0.0,0.0,1.1900401043515211e-05,0.0,0.0,0.0,0.0,0.0,0.0,0.0007855264722421,0.0010296346986893,0.0,0.0008229277326645,0.0,0.0049691674609434,0.0153492172686219,0.0007357247939255,0.0,0.0,0.0002093070536477,0.0,0.0027911940632399,0.0131607435170565,0.0,0.0,0.0004557153576075,0.0,0.0,0.0,0.0,0.0,0.0003467116841837,0.0008282279112806,2.2900771756008263e-05,0.0014479487958744,0.0008346281269678,0.005229476233349,1.9400653802033207e-05,0.0,0.1407395429225969,0.0139476700364802,0.0032596098488519,1.12003774527202e-05,0.064184663023144,0.0,0.0558813832026141,0.0,0.0047707607746381,0.0638047502200826,0.0,0.0247074326404799,0.0457878430503108,0.0001752059044389,0.0018497623369907,0.0013025438957292,0.0054190826230843,0.0,0.0008243277798461,0.0,0.0009084306141116,0.0099104339816251,0.0679339893754421,0.0477321085720589,0.0,0.0003198107776232,1.1100374082606627e-05,0.0,0.0,0.0,0.0,0.0,0.0,0.0,0.0039495330992654,0.0376527688983119,0.0011669393258552,3.0501027884639833e-05,0.0,0.0082560782298363,0.002134471931704,0.0,0.0,0.0,0.0002815094868697,0.0,0.0,0.0,0.000592619971293,0.0,0.0,0.0,0.0,0.0,0.0,0.0,0.0002286077040796,0.0,0.0,4.7801610914288e-05,0.0,2.0600694243396084e-05,0.0002870096722259,0.0,0.0003035102282946,1.6900569549193873e-05,8.790296232983085e-05,0.0,2.520084926862045e-05,0.0,0.0,0.0,2.3200781866348983e-05,0.0,0.0,0.0,0.0,0.0,0.0003932132512865,0.0,0.0,0.0,0.0,0.0,0.0,0.0,1.4600492036581688e-05,0.0,0.0010460352513879,0.0,0.0,0.0,0.0,0.0,0.0,0.0,0.0,0.0,0.0,0.0,0.0,0.0,0.0,0.0,0.0,0.0,0.0,1.0900367342379482e-05,0.0,0.0,1.580053247794457e-05,0.0,0.0,0.0,0.0,0.0,0.0,0.0,0.0007957268159936,0.0,0.0,0.0003209108146944,0.0,0.0,0.0002910098070304,0.00389193115808,0.0,0.0,0.0,0.0,0.0,0.0,0.0,0.0,4.240142892815504e-05,0.0,0.0,3.3301122247819884e-05,0.0,0.0,0.0,0.0,0.0,0
SZAXPI015217-140,0.0,0.0,0.0200247973383081,0.0206550989163761,0.0,0.0174913696667666,2.223886686762464e-05,0.0,0.0671738998247238,0.0005025783561931,0.0002341091525659,0.0034393108836313,0.0030073559560043,0.0023456995791544,0.000233608277186,0.0033268142733054,0.0001594787209606,0.0002872019428354,0.0,0.000482443165921,0.0,0.0013507607245182,0.0011619307062953,0.0,0.0002571494200414,0.0,0.0,0.0002752811087938,0.0,0.0,0.000396292600578,0.0012364609628247,0.0003753560096981,0.0039432916908881,0.0,0.0013219103026359,0.0001626843233919,0.0,0.0,0.0,0.0001817175878282,6.160767172787907e-05,0.0009412450139108,0.0,0.0,0.0,0.0002482338382791,0.0,0.0,0.0,0.0,0.0,1.7029762916649498e-05,0.0,0.0,3.305777507349609e-05,1.1720483889694067e-05,0.0017119920485031,0.0,8.925599269843943e-05,0.000899171481999,0.0,0.0,0.0002454289361517,0.0,0.0066743647873388,4.447773373524928e-05,0.0,1.5627311852925422e-05,9.767069908078388e-05,2.72476206666392e-05,0.0,0.0,0.0,0.0,0.0332784607658806,0.0,0.0,0.0094803688406227,9.326299573765108e-05,0.0001704979793184,0.0,0.0010946130552366,0.0163746179197383,0.0004312537020951,0.0001232153434557,0.0046788772738114,0.0015438982710082,0.0191126030964316,0.0,0.0016219346551968,0.0801184229678211,0.000126721471115,0.0150844631161881,6.721747598277537e-05,9.035791853422264e-05,0.0002362128291615,0.0,0.0003244670711001,0.0013740013421456,0.0,0.0020389634965028,0.0110585269876162,0.0084328380710968,0.0043670322622847,0.0,0.0023638312679069,0.0,0.0,0.0170019142455269,0.0,0.0,0.0007754552631634,0.0,0.0013553687780133,0.0004692200558916,0.0,0.0006880024218326,0.0010982193579719,0.0025491551584704,0.0012890528777143,0.0003481083890315,0.0029198029395975,0.0010251917275822,3.806652887251065e-05,0.0,1.3122934953418145e-05,0.2525115143736718,0.0,0.0,0.0,0.0,0.0002520404911664,0.032493388695423,0.0,0.0,0.0,0.0,0.0,0.0,0.0,0.0,3.39593507573187e-05,0.0,0.0,0.0,0.0,0.0,0.0,0.0,0.0,0.0,0.0,0.0,0.0128236118263889,0.0,0.0118277713960689,0.0089437309585963,0.0,0.0,0.0,0.0,0.0007225628230458,0.0,0.1829522456397052,0.0,0.0,0.0,0.0,5.770084376464772e-05,0.00034540366198,0.0,0.0020754272241596,0.0001221134176199,0.0,0.0,0.0,0.0,0.0,0.0,0.0,0.0,0.0,0.0001690955282547,0.0003019276790045,0.0007144486418914,0.0,1.9534139816156773e-05,2.824937142644211e-05,4.858491185044122e-05,0.0,0.0,0.0,0.0012890528777143,0.0,0.0,0.0,0.0,0.0044291408093925,0.0,0.0,0.0,0.0,0.0,0.0,0.0,0.0,0.0,0.0020514853810003,0.0,0.0,0.0,0.0,0.0,0.0,0.0,0.0,0.0,0.0,0.0,0.0,1
SZAXPI015228-14,0.0002055727110679,0.0,0.001724609994555,0.0001822644669419,0.0353382991564117,0.0608164107644875,0.03994142728283,0.0238631403927569,0.03916415236069,0.0123131551629811,0.0065786268603204,0.0690051071063837,0.0,0.0014518135064372,0.0178250047041638,0.0114834617004034,0.0011256981594389,0.002184172541828,0.0004750680315627,0.0,0.0,0.0209054942733244,0.0,0.0003967403270536,0.0017907333823973,0.000138949146313,2.6609411748935683e-05,0.0,0.000392338770223,0.0,0.0,0.0006606336661277,0.0,0.0,0.0,0.0,0.0,0.0009153237500103,0.0,0.0,0.0,0.0,0.0,0.0,0.0,0.0,0.0001129399468592,0.0,8.122873060201418e-05,0.0,0.0,0.000369030526097,5.411914194050453e-05,0.0015057325776127,0.0071196182089605,0.0,0.0,0.0,4.551609904423208e-05,0.0,0.0,0.0008375962577963,0.0,0.0,0.0002961047322437,0.0,0.0,0.0,0.0,0.0,0.0,0.0001619572842914,0.000108838496176,0.0009240268282891,4.341535601142137e-05,0.121409342484437,2.1207501093136703e-05,0.0,0.0001870661653026,0.0005085798847052,0.0003492235203591,0.0,1.3904918169556616e-05,0.1855491287268312,0.0358884937602431,0.0,8.993180888080141e-05,0.0004014419900318,8.362957978236926e-05,8.55302520501504e-05,0.0,0.0,0.0,0.1220461677295262,1.7106050410030078e-05,0.0,0.0,0.0,0.0293517817251962,0.0049955669320238,0.0,0.0193904584051378,0.0438203992752237,0.0091084216487371,0.0,0.0,0.0,0.0,0.0,0.0,0.0,0.0,0.0,0.0,0.0078314699909357,0.000321213613255,0.0,0.0009659416535628,0.0,0.0,0.0,0.0,0.0,0.0,9.313294112127488e-05,0.0,0.0,0.0,6.39226094269545e-05,0.0,0.0,0.0,0.0,0.0,0.0,0.0,0.0,0.0,0.008790109061575,3.581266694029689e-05,0.0001039367624328,2.841004863420201e-05,0.0001620573196739,2.5008845628698943e-05,1.7706262705118855e-05,0.0,3.32117469949122e-05,1.9306828825355588e-05,0.0,0.0,4.671652363440963e-05,4.261507295130301e-05,0.0,5.5319566530682064e-05,0.0,0.0,0.0428571585769887,0.0,0.0,0.0,0.0,0.0,0.0,0.0,6.992473237784224e-05,0.0,0.0,0.0,0.0,0.0,0.0002426858379808,0.0,0.0,0.0,0.0,0.0,0.0,3.201132240473465e-05,0.0,0.0,6.202193715917339e-05,0.0,7.58268199462152e-05,0.0,0.0,0.0,0.0,0.0,0.0,0.0,0.0,0.0,0.0,0.0,0.0,0.0,2.270803183085864e-05,0.0001118395576515,0.0,0.0,0.0,0.0,0.0,0.0,0.0,0.0,0.0,0.0,0.0,0.0,0.0,2.1007430328107113e-05,2.630930560139129e-05,0.0,6.0421371038936666e-05,0.0,0.0,0.0,0.0,0.0,0.0,0
SZAXPI015231-17,0.0,2.320112293435009e-05,0.0382351505812882,0.0,0.0190432216919298,0.0027020307782896,4.340210066167215e-05,0.0031335516639005,0.0090066359211785,0.0005884284799384,0.0011798571050838,0.0021060019304934,0.0,0.0143813960595692,0.0002922141431645,0.0,0.0,0.001447570062391,0.0005276255370759,0.0004868235622604,0.0,0.0014442699026632,0.0006905334218176,0.0,0.0005424262534306,0.0012872623034954,2.140103581013327e-05,0.0,0.0,0.0,0.0,0.0007084342882195,0.0,4.290207646050082e-05,0.0,4.910237655502541e-05,0.0,0.00077693760378,0.0,0.0,0.0,0.0003804184122511,0.0,0.0,0.0,0.0,0.0,0.0,8.270400287373933e-05,5.270255080345904e-05,0.0,3.0201461750748827e-05,0.6180747148161989,3.570172796363354e-05,7.800377538272875e-05,0.0,0.0,0.0005054244625439,0.0,0.0,0.0024625191859285,4.940239107572821e-05,0.0,0.0,0.0,0.0019211929857405,0.0,0.0,4.1502008697221075e-05,0.0,0.0,4.700227491010578e-05,0.0,7.110344140656428e-05,0.0,0.0470816787532517,0.0,0.0,0.0044248141610053,0.0166258046889469,8.360404643584773e-05,0.0,0.0117533688630529,0.0010696517711457,0.0213503333561344,0.0,0.0023418133437658,4.360211034214069e-05,0.0,0.0,0.0044395148725198,0.012219991447586,0.0,0.0059153863046971,0.0,0.0,4.560220714682604e-05,0.0,0.0,0.0019083923661905,0.0,0.0038072842725587,0.0125008050389638,0.0033806636241194,0.0011648563790487,0.0,0.0009291449706165,0.0,0.0,0.0,0.0008270400287373,0.00408529772841,0.000903743741197,0.0,0.0027281320415908,0.0,0.0,0.001158156054753,0.0005539268100576,0.0002639127733782,0.0,0.0,0.0008011387751167,0.0,0.0004013194238601,0.0,0.0,0.0273767250334916,0.0,0.0,1.440069699373454e-05,0.0,0.0,0.0,0.0,0.0001068051693701,0.0,0.0,0.0,0.0,0.0,0.0,2.200106485153888e-05,0.0,0.0,0.0,0.0,0.0001193057743994,0.0,0.0,0.0,0.0,0.0,0.0003123151160516,0.0,0.001641379442765,0.0001574076185287,0.0,0.0,0.0041400003760182,0.0,0.0,0.0,0.0,0.0008863428989963,0.0,0.0,0.0,0.0,0.0,0.0,0.0,3.700179088667903e-05,0.0,0.0,0.0,0.0,0.0,0.0,0.0024687194860231,3.890188285113012e-05,0.0,0.0,0.0,0.0,0.0,0.0,0.0,0.0,0.0,0.0,0.0,0.0,0.0,0.0,0.0,0.0018618901154815,0.0067876285212204,0.0,0.0,0.0,0.0009190444817529,0.0,0.0,0.0,0.0,0.0,0.0,0.0,0.0,0.0,0.0,0.0,0.0,0.0,0.0,0.0,0.0,0.0,0.0,0.0,0
SZAXPI015254-45,0.0,0.0,0.0,0.0998895499447753,0.00024150012075,0.1290676645338327,0.0207173103586551,0.0097988048994024,0.0,0.0049977024988512,0.0024502012251006,0.0,0.0,0.004362602181301,0.0051635025817512,0.0,0.0126346063173031,0.0232047116023557,0.0007011003505501,0.0,0.0,0.0017230008615004,0.0,0.0033830016915008,0.0,0.0016513008256504,0.0012130006065003,0.0,0.0,0.0,0.0010402005201002,0.0066578033289016,0.0033647016823508,0.0,0.008325704162852,0.114532957266479,0.0015461007730503,0.0008136004068002,0.0046808023404011,0.00032010016005,0.004125702062851,0.0005493002746501,0.0,0.0006650003325001,0.0087498043749021,0.0003194001597,0.0004861002430501,0.0,0.00025510012755,7.210003605001831e-05,0.0,0.0,0.0,0.0,0.0,0.0,0.0,0.0004391002195501,1.560000780000396e-05,0.00025410012705,0.0,0.0,0.0,0.0007941003970501,0.00012250006125,0.0075169037584518,0.0,0.0,0.0,0.0008973004486502,8.800004400002235e-05,3.760001880000954e-05,0.0,0.0,0.0,4.5800022900011635e-05,0.0,0.0,0.0,0.0,0.0,0.0822539411269708,0.0247270123635062,0.0,0.0,0.0,0.0496048248024125,0.0,0.0,0.0,0.0901551450775728,0.0,0.0,0.0,0.0059584029792014,0.0,0.0,0.0,0.0070766035383017,0.0,0.0,0.0,0.0,0.0702622351311177,0.0,0.0,0.0,0.0,0.0,0.0,0.0,0.0046266023133011,0.0,0.0,0.0170422085211042,0.0,0.0,0.0,7.350003675001866e-05,0.0,0.0,0.00016210008105,0.0,0.0004131002065501,0.0,0.0547321273660638,8.000004000002032e-05,0.0,0.0,0.0,0.0,0.0,0.0,0.0,0.0019057009528504,0.0,0.0,0.0,0.0,0.0,4.460002230001133e-05,0.0,0.0,0.0,0.0,0.0,0.0,0.0,0.0,0.0001162000581,0.0,0.0,9.680004840002456e-05,0.0,0.0,0.0,0.0454397227198614,0.0,0.0,0.0,0.0,0.0,0.0,0.0,0.0,0.0,9.170004585002327e-05,0.0024613012306506,0.0,0.0,0.0,0.0,0.0,0.0,0.0,0.0,5.310002655001348e-05,0.0,0.0071484035742017,0.0,2.8600014300007265e-05,0.0,0.0,0.0,0.0,0.0,0.0001168000584,0.0,1.9800009900005027e-05,0.0,0.0047263023631511,0.0,0.0,0.0,0.0,0.0,0.0,0.0,0.0,0.0,7.870003935001998e-05,0.0,0.0022634011317005,0.027692213846107,1.4400007200003658e-05,0.0,0.0,0.0,0.0001946000973,0.0,0.0,0.0,0.0,0.0,0.0,0.0005915002957501,0.0,0.0,0.0,0.0,0.0,0
SZAXPI017589-133,0.0,0.0342467219427303,0.0298093675924908,0.0001860316253763,0.0,0.0034214816518808,0.0092175669863876,0.0075382815078563,0.0164487962953702,0.0044464558975025,0.0052218877209125,0.008650970665013,0.0186493703929668,0.000363461788504,0.0015669663842853,0.0044200514087394,0.0005709970695018,0.0233701729293979,7.051198703779665e-05,0.0017817028894912,0.0,0.0004314733504695,0.0,2.4804216716841943e-05,0.0002242381204804,0.0,0.0004207715311602,0.0,0.0,0.0,0.0001060180230639,0.0061910524789214,0.0,2.390406369082752e-05,0.0,0.0,0.0003586609723653,0.0,0.0,0.0003425582348999,0.0,0.0001685286498704,0.0014217416960883,0.0,0.0216587819929387,0.0,7.491273516497828e-05,0.0,8.371423141934158e-05,0.0,4.440754928337833e-05,0.0,0.4497606593120845,2.8604862826680627e-05,0.0006559115049558,0.0,4.1807107208225534e-05,0.0,0.0,0.0,1.6302771471150147e-05,0.0,0.0,0.0,0.0,8.711480951761828e-05,5.260894352039864e-05,1.5002550433573756e-05,0.0,0.0,0.0,0.0,0.0,0.0,0.0,0.0,0.0,0.0012312093055819,0.0212490123320964,0.0199995999319884,4.860826340477897e-05,0.0,0.0225311302921496,0.0,0.0077482171969234,0.0,0.0,0.0002122360801336,0.0,0.0,0.0147514077393156,0.0,0.0,0.0,0.0,0.000136023123931,0.0,0.0,0.0,0.0028016762849684,0.0,0.0042833281657881,0.0,0.0096425392316693,0.0,0.0,0.0008677475170779,0.0,0.0,0.0,0.0,0.0062550633607713,0.0003382575037756,0.0,0.018065571147095,0.000147925147275,0.0,0.0029281977936249,0.0010641809107548,0.0,0.0,7.261234409849699e-05,0.0,0.0002179370492983,0.0001603272556334,0.0,0.0,0.0,0.0,3.760639308682488e-05,0.0013459288078973,0.0,0.0,0.0,0.0,0.0,0.0,0.0,0.0,0.0,0.0,0.0,1.470249942490228e-05,0.0,0.0,0.0,0.0,0.0,0.0,0.0,4.510766830361176e-05,3.0905253893161936e-05,0.0,0.0,0.0001174199613934,0.0,0.0046554914335437,0.0,0.0,0.0,5.320904553774159e-05,0.0,0.0,0.0,0.0099178860406269,0.0,0.0,0.0,0.0,0.0,0.000185331506356,0.0,0.0,0.0,0.0,0.0,0.0,0.0025684366342278,0.0,0.0,0.0,0.0,0.0,0.0,0.0002448416230759,0.0001503255553444,0.0,0.0,0.0,0.0,0.0,0.0,0.0,0.0,0.0,0.0007746316873868,0.0,0.0,0.0,0.0,0.0,0.0071199103847654,0.0,0.0,0.0,0.0018849204364742,0.0,5.18088074972747e-05,0.0,0.0,0.0,1.530260144224523e-05,0.0,0.0,9.261574467659532e-05,0.0,0.0,0.0,0.0,0.0,0.0,1
